File Name,Project Name,Package Name,Type Name,Code Smell
JGroups/src/org/jgroups/Message.java,JGroups,org.jgroups,Message,Deficient Encapsulation
JGroups/src/org/jgroups/Message.java,JGroups,org.jgroups,Message,Cyclic-Dependent Modularization
JGroups/src/org/jgroups/Message.java,JGroups,org.jgroups,Message,Insufficient Modularization
JGroups/src/org/jgroups/JChannel.java,JGroups,org.jgroups,JChannel,Deficient Encapsulation
JGroups/src/org/jgroups/JChannel.java,JGroups,org.jgroups,JChannel,Cyclic-Dependent Modularization
JGroups/src/org/jgroups/JChannel.java,JGroups,org.jgroups,JChannel,Insufficient Modularization
JGroups/src/org/jgroups/JChannel.java,JGroups,org.jgroups,MyProbeHandler,Unutilized Abstraction
JGroups/src/org/jgroups/MergeView.java,JGroups,org.jgroups,MergeView,Cyclic-Dependent Modularization
JGroups/src/org/jgroups/Receiver.java,JGroups,org.jgroups,Receiver,Unnecessary Abstraction
JGroups/src/org/jgroups/Global.java,JGroups,org.jgroups,Global,Deficient Encapsulation
JGroups/src/org/jgroups/ChannelListener.java,JGroups,org.jgroups,ChannelListener,Cyclic-Dependent Modularization
JGroups/src/org/jgroups/Address.java,JGroups,org.jgroups,Address,Deficient Encapsulation
JGroups/src/org/jgroups/Channel.java,JGroups,org.jgroups,Channel,Cyclic-Dependent Modularization
JGroups/src/org/jgroups/Channel.java,JGroups,org.jgroups,Channel,Insufficient Modularization
JGroups/src/org/jgroups/Event.java,JGroups,org.jgroups,Event,Deficient Encapsulation
JGroups/src/org/jgroups/ReceiverAdapter.java,JGroups,org.jgroups,ReceiverAdapter,Unutilized Abstraction
JGroups/src/org/jgroups/ReceiverAdapter.java,JGroups,org.jgroups,ReceiverAdapter,Broken Hierarchy
JGroups/src/org/jgroups/ViewId.java,JGroups,org.jgroups,ViewId,Cyclic-Dependent Modularization
JGroups/src/org/jgroups/View.java,JGroups,org.jgroups,View,Cyclic-Dependent Modularization
JGroups/src/org/jgroups/TimeoutException.java,JGroups,org.jgroups,TimeoutException,Unutilized Abstraction
JGroups/src/org/jgroups/UnreachableException.java,JGroups,org.jgroups,UnreachableException,Unutilized Abstraction
JGroups/src/org/jgroups/PhysicalAddress.java,JGroups,org.jgroups,PhysicalAddress,Unnecessary Abstraction
JGroups/src/org/jgroups/StateTransferException.java,JGroups,org.jgroups,StateTransferException,Unutilized Abstraction
JGroups/src/org/jgroups/Version.java,JGroups,org.jgroups,Version,Deficient Encapsulation
JGroups/src/org/jgroups/SuspectedException.java,JGroups,org.jgroups,SuspectedException,Unutilized Abstraction
JGroups/src/org/jgroups/blocks/RpcDispatcher.java,JGroups,org.jgroups.blocks,RpcDispatcher,Unutilized Abstraction
JGroups/src/org/jgroups/blocks/RpcDispatcher.java,JGroups,org.jgroups.blocks,RpcDispatcher,Insufficient Modularization
JGroups/src/org/jgroups/blocks/ReplicatedTree.java,JGroups,org.jgroups.blocks,ReplicatedTree,Deficient Encapsulation
JGroups/src/org/jgroups/blocks/ReplicatedTree.java,JGroups,org.jgroups.blocks,ReplicatedTree,Insufficient Modularization
JGroups/src/org/jgroups/blocks/ReplicatedTree.java,JGroups,org.jgroups.blocks,MyListener,Unutilized Abstraction
JGroups/src/org/jgroups/blocks/MessageDispatcher.java,JGroups,org.jgroups.blocks,MessageDispatcher,Unutilized Abstraction
JGroups/src/org/jgroups/blocks/MessageDispatcher.java,JGroups,org.jgroups.blocks,MessageDispatcher,Insufficient Modularization
JGroups/src/org/jgroups/blocks/MessageDispatcher.java,JGroups,org.jgroups.blocks,ProtocolAdapter,Unutilized Abstraction
JGroups/src/org/jgroups/blocks/AbstractConnectionMap.java,JGroups,org.jgroups.blocks,AbstractConnectionMap,Unutilized Abstraction
JGroups/src/org/jgroups/blocks/AbstractConnectionMap.java,JGroups,org.jgroups.blocks,AbstractConnectionMap,Broken Hierarchy
JGroups/src/org/jgroups/blocks/AbstractConnectionMap.java,JGroups,org.jgroups.blocks,AbstractConnectionMap,Insufficient Modularization
JGroups/src/org/jgroups/blocks/AbstractConnectionMap.java,JGroups,org.jgroups.blocks,Reaper,Unutilized Abstraction
JGroups/src/org/jgroups/blocks/Cache.java,JGroups,org.jgroups.blocks,Cache,Insufficient Modularization
JGroups/src/org/jgroups/blocks/Cache.java,JGroups,org.jgroups.blocks,Reaper,Unutilized Abstraction
JGroups/src/org/jgroups/blocks/MemcachedConnector.java,JGroups,org.jgroups.blocks,MemcachedConnector,Insufficient Modularization
JGroups/src/org/jgroups/blocks/MemcachedConnector.java,JGroups,org.jgroups.blocks,RequestHandler,Unutilized Abstraction
JGroups/src/org/jgroups/blocks/MemcachedConnector.java,JGroups,org.jgroups.blocks,Request,Unutilized Abstraction
JGroups/src/org/jgroups/blocks/GridFile.java,JGroups,org.jgroups.blocks,GridFile,Deficient Encapsulation
JGroups/src/org/jgroups/blocks/GridFile.java,JGroups,org.jgroups.blocks,GridFile,Cyclic-Dependent Modularization
JGroups/src/org/jgroups/blocks/GridFile.java,JGroups,org.jgroups.blocks,GridFile,Insufficient Modularization
JGroups/src/org/jgroups/blocks/GridFile.java,JGroups,org.jgroups.blocks,Metadata,Deficient Encapsulation
JGroups/src/org/jgroups/blocks/ReplicatedHashMap.java,JGroups,org.jgroups.blocks,ReplicatedHashMap,Insufficient Modularization
JGroups/src/org/jgroups/blocks/ReplicatedHashMap.java,JGroups,org.jgroups.blocks,SynchronizedReplicatedMap,Unutilized Abstraction
JGroups/src/org/jgroups/blocks/ReplicatedHashMap.java,JGroups,org.jgroups.blocks,SynchronizedReplicatedMap,Insufficient Modularization
JGroups/src/org/jgroups/blocks/PartitionedHashMap.java,JGroups,org.jgroups.blocks,PartitionedHashMap,Missing Hierarchy
JGroups/src/org/jgroups/blocks/PartitionedHashMap.java,JGroups,org.jgroups.blocks,PartitionedHashMap,Insufficient Modularization
JGroups/src/org/jgroups/blocks/PartitionedHashMap.java,JGroups,org.jgroups.blocks,CustomMarshaller,Unutilized Abstraction
JGroups/src/org/jgroups/blocks/PartitionedHashMap.java,JGroups,org.jgroups.blocks,CustomMarshaller,Broken Hierarchy
JGroups/src/org/jgroups/blocks/PartitionedHashMap.java,JGroups,org.jgroups.blocks,CustomMarshaller,Missing Hierarchy
JGroups/src/org/jgroups/blocks/GridOutputStream.java,JGroups,org.jgroups.blocks,GridOutputStream,Unutilized Abstraction
JGroups/src/org/jgroups/blocks/LazyRemovalCache.java,JGroups,org.jgroups.blocks,LazyRemovalCache,Insufficient Modularization
JGroups/src/org/jgroups/blocks/ReplCache.java,JGroups,org.jgroups.blocks,ReplCache,Rebellious Hierarchy
JGroups/src/org/jgroups/blocks/ReplCache.java,JGroups,org.jgroups.blocks,ReplCache,Insufficient Modularization
JGroups/src/org/jgroups/blocks/ReplCache.java,JGroups,org.jgroups.blocks,HashFunction,Unutilized Abstraction
JGroups/src/org/jgroups/blocks/ReplCache.java,JGroups,org.jgroups.blocks,ChangeListener,Unutilized Abstraction
JGroups/src/org/jgroups/blocks/ReplCache.java,JGroups,org.jgroups.blocks,ConsistentHashFunction,Unutilized Abstraction
JGroups/src/org/jgroups/blocks/ReplCache.java,JGroups,org.jgroups.blocks,Value,Unutilized Abstraction
JGroups/src/org/jgroups/blocks/ReplCache.java,JGroups,org.jgroups.blocks,CustomMarshaller,Unutilized Abstraction
JGroups/src/org/jgroups/blocks/ReplCache.java,JGroups,org.jgroups.blocks,CustomMarshaller,Broken Hierarchy
JGroups/src/org/jgroups/blocks/ReplCache.java,JGroups,org.jgroups.blocks,CustomMarshaller,Missing Hierarchy
JGroups/src/org/jgroups/blocks/RequestOptions.java,JGroups,org.jgroups.blocks,RequestOptions,Insufficient Modularization
JGroups/src/org/jgroups/blocks/MethodCall.java,JGroups,org.jgroups.blocks,MethodCall,Insufficient Modularization
JGroups/src/org/jgroups/blocks/ConnectionMap.java,JGroups,org.jgroups.blocks,ConnectionMap,Unutilized Abstraction
JGroups/src/org/jgroups/blocks/ConnectionTableNIO.java,JGroups,org.jgroups.blocks,ConnectionTableNIO,Insufficient Modularization
JGroups/src/org/jgroups/blocks/ConnectionTableNIO.java,JGroups,org.jgroups.blocks,Shutdown,Unnecessary Abstraction
JGroups/src/org/jgroups/blocks/ConnectionTableNIO.java,JGroups,org.jgroups.blocks,Shutdown,Unutilized Abstraction
JGroups/src/org/jgroups/blocks/ConnectionTableNIO.java,JGroups,org.jgroups.blocks,ReadHandler,Unutilized Abstraction
JGroups/src/org/jgroups/blocks/ConnectionTableNIO.java,JGroups,org.jgroups.blocks,ExecuteTask,Unutilized Abstraction
JGroups/src/org/jgroups/blocks/ConnectionTableNIO.java,JGroups,org.jgroups.blocks,Connection,Unutilized Abstraction
JGroups/src/org/jgroups/blocks/ConnectionTableNIO.java,JGroups,org.jgroups.blocks,SelectorWriteHandler,Cyclic-Dependent Modularization
JGroups/src/org/jgroups/blocks/ConnectionTableNIO.java,JGroups,org.jgroups.blocks,WriteRequest,Cyclic-Dependent Modularization
JGroups/src/org/jgroups/blocks/TCPConnectionMap.java,JGroups,org.jgroups.blocks,TCPConnectionMap,Insufficient Modularization
JGroups/src/org/jgroups/blocks/TCPConnectionMap.java,JGroups,org.jgroups.blocks,ConnectionAcceptor,Unutilized Abstraction
JGroups/src/org/jgroups/blocks/TCPConnectionMap.java,JGroups,org.jgroups.blocks,TCPConnection,Cyclic-Dependent Modularization
JGroups/src/org/jgroups/blocks/TCPConnectionMap.java,JGroups,org.jgroups.blocks,TCPConnection,Insufficient Modularization
JGroups/src/org/jgroups/blocks/TCPConnectionMap.java,JGroups,org.jgroups.blocks,ConnectionPeerReceiver,Cyclic-Dependent Modularization
JGroups/src/org/jgroups/blocks/TCPConnectionMap.java,JGroups,org.jgroups.blocks,Sender,Cyclic-Dependent Modularization
JGroups/src/org/jgroups/blocks/TCPConnectionMap.java,JGroups,org.jgroups.blocks,Mapper,Broken Hierarchy
JGroups/src/org/jgroups/blocks/BasicConnectionTable.java,JGroups,org.jgroups.blocks,BasicConnectionTable,Insufficient Modularization
JGroups/src/org/jgroups/blocks/BasicConnectionTable.java,JGroups,org.jgroups.blocks,Receiver,Unutilized Abstraction
JGroups/src/org/jgroups/blocks/BasicConnectionTable.java,JGroups,org.jgroups.blocks,Connection,Unutilized Abstraction
JGroups/src/org/jgroups/blocks/BasicConnectionTable.java,JGroups,org.jgroups.blocks,Sender,Unutilized Abstraction
JGroups/src/org/jgroups/blocks/BasicConnectionTable.java,JGroups,org.jgroups.blocks,Reaper,Unutilized Abstraction
JGroups/src/org/jgroups/blocks/GridInputStream.java,JGroups,org.jgroups.blocks,GridInputStream,Unutilized Abstraction
JGroups/src/org/jgroups/blocks/GridFilesystem.java,JGroups,org.jgroups.blocks,GridFilesystem,Cyclic-Dependent Modularization
JGroups/src/org/jgroups/blocks/RequestCorrelator.java,JGroups,org.jgroups.blocks,RequestCorrelator,Deficient Encapsulation
JGroups/src/org/jgroups/blocks/RequestCorrelator.java,JGroups,org.jgroups.blocks,RequestCorrelator,Insufficient Modularization
JGroups/src/org/jgroups/blocks/RequestCorrelator.java,JGroups,org.jgroups.blocks,Header,Deficient Encapsulation
JGroups/src/org/jgroups/blocks/RequestCorrelator.java,JGroups,org.jgroups.blocks,Header,Cyclic Hierarchy
JGroups/src/org/jgroups/blocks/RequestCorrelator.java,JGroups,org.jgroups.blocks,Header,Deep Hierarchy
JGroups/src/org/jgroups/blocks/RequestCorrelator.java,JGroups,org.jgroups.blocks,MultiDestinationHeader,Unutilized Abstraction
JGroups/src/org/jgroups/blocks/RequestCorrelator.java,JGroups,org.jgroups.blocks,MultiDestinationHeader,Deficient Encapsulation
JGroups/src/org/jgroups/blocks/RequestCorrelator.java,JGroups,org.jgroups.blocks,MultiDestinationHeader,Deep Hierarchy
JGroups/src/org/jgroups/blocks/RequestCorrelator.java,JGroups,org.jgroups.blocks,MyProbeHandler,Unutilized Abstraction
JGroups/src/org/jgroups/blocks/Request.java,JGroups,org.jgroups.blocks,Request,Unutilized Abstraction
JGroups/src/org/jgroups/blocks/Request.java,JGroups,org.jgroups.blocks,Request,Rebellious Hierarchy
JGroups/src/org/jgroups/blocks/mux/MuxRpcDispatcher.java,JGroups,org.jgroups.blocks.mux,MuxRpcDispatcher,Unutilized Abstraction
JGroups/src/org/jgroups/blocks/mux/MuxMessageDispatcher.java,JGroups,org.jgroups.blocks.mux,MuxMessageDispatcher,Unutilized Abstraction
JGroups/src/org/jgroups/blocks/mux/MuxUpHandler.java,JGroups,org.jgroups.blocks.mux,MuxUpHandler,Unutilized Abstraction
JGroups/src/org/jgroups/blocks/locking/LockService.java,JGroups,org.jgroups.blocks.locking,LockService,Insufficient Modularization
JGroups/src/org/jgroups/blocks/locking/LockService.java,JGroups,org.jgroups.blocks.locking,LockImpl,Unutilized Abstraction
JGroups/src/org/jgroups/blocks/locking/LockService.java,JGroups,org.jgroups.blocks.locking,ConditionImpl,Unutilized Abstraction
JGroups/src/org/jgroups/blocks/executor/ExecutionRunner.java,JGroups,org.jgroups.blocks.executor,Holder,Unutilized Abstraction
JGroups/src/org/jgroups/blocks/executor/ExecutionService.java,JGroups,org.jgroups.blocks.executor,ExecutionService,Missing Hierarchy
JGroups/src/org/jgroups/blocks/executor/ExecutionService.java,JGroups,org.jgroups.blocks.executor,ExecutionService,Insufficient Modularization
JGroups/src/org/jgroups/blocks/executor/ExecutionService.java,JGroups,org.jgroups.blocks.executor,DistributedFuture,Cyclic-Dependent Modularization
JGroups/src/org/jgroups/blocks/executor/ExecutionService.java,JGroups,org.jgroups.blocks.executor,DistributedFuture,Insufficient Modularization
JGroups/src/org/jgroups/blocks/executor/ExecutionService.java,JGroups,org.jgroups.blocks.executor,Sync,Cyclic-Dependent Modularization
JGroups/src/org/jgroups/blocks/executor/ExecutionService.java,JGroups,org.jgroups.blocks.executor,RunnableAdapter,Unutilized Abstraction
JGroups/src/org/jgroups/blocks/executor/Executions.java,JGroups,org.jgroups.blocks.executor,Executions,Unutilized Abstraction
JGroups/src/org/jgroups/blocks/executor/Executions.java,JGroups,org.jgroups.blocks.executor,StreamableCallable,Unutilized Abstraction
JGroups/src/org/jgroups/blocks/executor/ExecutorEvent.java,JGroups,org.jgroups.blocks.executor,ExecutorEvent,Deficient Encapsulation
JGroups/src/org/jgroups/util/Digest.java,JGroups,org.jgroups.util,Digest,Cyclic-Dependent Modularization
JGroups/src/org/jgroups/util/Digest.java,JGroups,org.jgroups.util,Digest,Insufficient Modularization
JGroups/src/org/jgroups/util/Digest.java,JGroups,org.jgroups.util,MyIterator,Unutilized Abstraction
JGroups/src/org/jgroups/util/ProgressCheckRejectionPolicy.java,JGroups,org.jgroups.util,ProgressCheckRejectionPolicy,Deficient Encapsulation
JGroups/src/org/jgroups/util/ProgressCheckRejectionPolicy.java,JGroups,org.jgroups.util,ProgressCheckRejectionPolicy,Cyclic-Dependent Modularization
JGroups/src/org/jgroups/util/DefaultTimeScheduler.java,JGroups,org.jgroups.util,DefaultTimeScheduler,Unutilized Abstraction
JGroups/src/org/jgroups/util/DefaultTimeScheduler.java,JGroups,org.jgroups.util,DefaultTimeScheduler,Insufficient Modularization
JGroups/src/org/jgroups/util/DefaultTimeScheduler.java,JGroups,org.jgroups.util,RobustRunnable,Unutilized Abstraction
JGroups/src/org/jgroups/util/XMLSchemaGenerator.java,JGroups,org.jgroups.util,XMLSchemaGenerator,Imperative Abstraction
JGroups/src/org/jgroups/util/DirectExecutor.java,JGroups,org.jgroups.util,DirectExecutor,Unutilized Abstraction
JGroups/src/org/jgroups/util/MyReceiver.java,JGroups,org.jgroups.util,MyReceiver,Unutilized Abstraction
JGroups/src/org/jgroups/util/RetransmitTable.java,JGroups,org.jgroups.util,RetransmitTable,Insufficient Modularization
JGroups/src/org/jgroups/util/Util.java,JGroups,org.jgroups.util,Util,Deficient Encapsulation
JGroups/src/org/jgroups/util/Util.java,JGroups,org.jgroups.util,Util,Cyclic-Dependent Modularization
JGroups/src/org/jgroups/util/Util.java,JGroups,org.jgroups.util,Util,Insufficient Modularization
JGroups/src/org/jgroups/util/Util.java,JGroups,org.jgroups.util,Util,Hub-like Modularization
JGroups/src/org/jgroups/util/QueueClosedException.java,JGroups,org.jgroups.util,QueueClosedException,Unutilized Abstraction
JGroups/src/org/jgroups/util/StateTransferResult.java,JGroups,org.jgroups.util,StateTransferResult,Cyclic-Dependent Modularization
JGroups/src/org/jgroups/util/ConcurrentLinkedBlockingQueue.java,JGroups,org.jgroups.util,ConcurrentLinkedBlockingQueue,Unutilized Abstraction
JGroups/src/org/jgroups/util/NoProgressException.java,JGroups,org.jgroups.util,NoProgressException,Unutilized Abstraction
JGroups/src/org/jgroups/util/UUID.java,JGroups,org.jgroups.util,UUID,Insufficient Modularization
JGroups/src/org/jgroups/util/MockTimeScheduler.java,JGroups,org.jgroups.util,MockTimeScheduler,Unutilized Abstraction
JGroups/src/org/jgroups/util/Table.java,JGroups,org.jgroups.util,Table,Insufficient Modularization
JGroups/src/org/jgroups/util/DefaultThreadFactory.java,JGroups,org.jgroups.util,DefaultThreadFactory,Unutilized Abstraction
JGroups/src/org/jgroups/util/Queue.java,JGroups,org.jgroups.util,Queue,Insufficient Modularization
JGroups/src/org/jgroups/util/Seqno.java,JGroups,org.jgroups.util,Seqno,Deficient Encapsulation
JGroups/src/org/jgroups/util/TimeScheduler2.java,JGroups,org.jgroups.util,TimeScheduler2,Unutilized Abstraction
JGroups/src/org/jgroups/util/TimeScheduler2.java,JGroups,org.jgroups.util,TimeScheduler2,Rebellious Hierarchy
JGroups/src/org/jgroups/util/TimeScheduler2.java,JGroups,org.jgroups.util,TimeScheduler2,Insufficient Modularization
JGroups/src/org/jgroups/util/TimeScheduler2.java,JGroups,org.jgroups.util,FixedIntervalTask,Unutilized Abstraction
JGroups/src/org/jgroups/util/TimeScheduler2.java,JGroups,org.jgroups.util,FixedRateTask,Unutilized Abstraction
JGroups/src/org/jgroups/util/TimeScheduler2.java,JGroups,org.jgroups.util,DynamicIntervalTask,Unutilized Abstraction
JGroups/src/org/jgroups/util/GetNetworkInterfaces.java,JGroups,org.jgroups.util,GetNetworkInterfaces,Unutilized Abstraction
JGroups/src/org/jgroups/util/Headers.java,JGroups,org.jgroups.util,Headers,Cyclic-Dependent Modularization
JGroups/src/org/jgroups/util/ShutdownRejectedExecutionHandler.java,JGroups,org.jgroups.util,ShutdownRejectedExecutionHandler,Unutilized Abstraction
JGroups/src/org/jgroups/util/MergeId.java,JGroups,org.jgroups.util,MergeId,Cyclic-Dependent Modularization
JGroups/src/org/jgroups/util/SeqnoList.java,JGroups,org.jgroups.util,SeqnoList,Insufficient Modularization
JGroups/src/org/jgroups/util/SeqnoList.java,JGroups,org.jgroups.util,Seqno,Unutilized Abstraction
JGroups/src/org/jgroups/util/SeqnoList.java,JGroups,org.jgroups.util,SeqnoListIterator,Unutilized Abstraction
JGroups/src/org/jgroups/util/CustomRejectionPolicy.java,JGroups,org.jgroups.util,CustomRejectionPolicy,Deficient Encapsulation
JGroups/src/org/jgroups/util/RingBuffer.java,JGroups,org.jgroups.util,RingBuffer,Unutilized Abstraction
JGroups/src/org/jgroups/util/RingBuffer.java,JGroups,org.jgroups.util,RingBuffer,Insufficient Modularization
JGroups/src/org/jgroups/util/RingBuffer.java,JGroups,org.jgroups.util,RingBufferIterator,Unutilized Abstraction
JGroups/src/org/jgroups/util/HashedTimingWheel.java,JGroups,org.jgroups.util,HashedTimingWheel,Unutilized Abstraction
JGroups/src/org/jgroups/util/HashedTimingWheel.java,JGroups,org.jgroups.util,HashedTimingWheel,Rebellious Hierarchy
JGroups/src/org/jgroups/util/HashedTimingWheel.java,JGroups,org.jgroups.util,HashedTimingWheel,Insufficient Modularization
JGroups/src/org/jgroups/util/HashedTimingWheel.java,JGroups,org.jgroups.util,MyTask,Unutilized Abstraction
JGroups/src/org/jgroups/util/HashedTimingWheel.java,JGroups,org.jgroups.util,RecurringTask,Unutilized Abstraction
JGroups/src/org/jgroups/util/HashedTimingWheel.java,JGroups,org.jgroups.util,FixedIntervalTask,Unutilized Abstraction
JGroups/src/org/jgroups/util/HashedTimingWheel.java,JGroups,org.jgroups.util,FixedIntervalTask,Broken Hierarchy
JGroups/src/org/jgroups/util/HashedTimingWheel.java,JGroups,org.jgroups.util,FixedRateTask,Unutilized Abstraction
JGroups/src/org/jgroups/util/HashedTimingWheel.java,JGroups,org.jgroups.util,FixedRateTask,Broken Hierarchy
JGroups/src/org/jgroups/util/HashedTimingWheel.java,JGroups,org.jgroups.util,DynamicIntervalTask,Unutilized Abstraction
JGroups/src/org/jgroups/util/HashedTimingWheel.java,JGroups,org.jgroups.util,DynamicIntervalTask,Broken Hierarchy
JGroups/src/org/jgroups/util/ResourceManager.java,JGroups,org.jgroups.util,IPv4AddressRep,Unutilized Abstraction
JGroups/src/org/jgroups/util/Range.java,JGroups,org.jgroups.util,Range,Deficient Encapsulation
JGroups/src/org/jgroups/util/Range.java,JGroups,org.jgroups.util,Range,Cyclic-Dependent Modularization
JGroups/src/org/jgroups/util/Triple.java,JGroups,org.jgroups.util,Triple,Unutilized Abstraction
JGroups/src/org/jgroups/util/SeqnoRange.java,JGroups,org.jgroups.util,SeqnoRange,Unutilized Abstraction
JGroups/src/org/jgroups/util/LazyThreadFactory.java,JGroups,org.jgroups.util,LazyThreadFactory,Unutilized Abstraction
JGroups/src/org/jgroups/util/DefaultSocketFactory.java,JGroups,org.jgroups.util,DefaultSocketFactory,Unutilized Abstraction
JGroups/src/org/jgroups/util/DefaultSocketFactory.java,JGroups,org.jgroups.util,DefaultSocketFactory,Insufficient Modularization
JGroups/src/org/jgroups/util/RingBufferLockless.java,JGroups,org.jgroups.util,RingBufferLockless,Insufficient Modularization
JGroups/src/org/jgroups/util/RingBufferLockless.java,JGroups,org.jgroups.util,RingBufferIterator,Unutilized Abstraction
JGroups/src/org/jgroups/util/RspList.java,JGroups,org.jgroups.util,RspList,Insufficient Modularization
JGroups/src/org/jgroups/util/SuppressLog.java,JGroups,org.jgroups.util,SuppressLog,Cyclic-Dependent Modularization
JGroups/src/org/jgroups/util/NullFuture.java,JGroups,org.jgroups.util,NullFuture,Unutilized Abstraction
JGroups/src/org/jgroups/util/MutableDigest.java,JGroups,org.jgroups.util,MutableDigest,Cyclic-Dependent Modularization
JGroups/src/org/jgroups/auth/X509Token.java,JGroups,org.jgroups.auth,X509Token,Deficient Encapsulation
JGroups/src/org/jgroups/auth/X509Token.java,JGroups,org.jgroups.auth,X509Token,Cyclic-Dependent Modularization
JGroups/src/org/jgroups/auth/AuthToken.java,JGroups,org.jgroups.auth,AuthToken,Cyclic-Dependent Modularization
JGroups/src/org/jgroups/auth/RegexMembership.java,JGroups,org.jgroups.auth,RegexMembership,Unutilized Abstraction
JGroups/src/org/jgroups/jmx/ResourceDMBean.java,JGroups,org.jgroups.jmx,ResourceDMBean,Unexploited Encapsulation
JGroups/src/org/jgroups/jmx/ResourceDMBean.java,JGroups,org.jgroups.jmx,ResourceDMBean,Missing Hierarchy
JGroups/src/org/jgroups/jmx/ResourceDMBean.java,JGroups,org.jgroups.jmx,ResourceDMBean,Cyclic-Dependent Modularization
JGroups/src/org/jgroups/jmx/ResourceDMBean.java,JGroups,org.jgroups.jmx,ResourceDMBean,Insufficient Modularization
JGroups/src/org/jgroups/jmx/ResourceDMBean.java,JGroups,org.jgroups.jmx,FieldAttributeEntry,Unutilized Abstraction
JGroups/src/org/jgroups/jmx/JmxConfigurator.java,JGroups,org.jgroups.jmx,JmxConfigurator,Cyclic-Dependent Modularization
JGroups/src/org/jgroups/stack/StateTransferInfo.java,JGroups,org.jgroups.stack,StateTransferInfo,Deficient Encapsulation
JGroups/src/org/jgroups/stack/GossipRouter.java,JGroups,org.jgroups.stack,GossipRouter,Deficient Encapsulation
JGroups/src/org/jgroups/stack/GossipRouter.java,JGroups,org.jgroups.stack,GossipRouter,Cyclic-Dependent Modularization
JGroups/src/org/jgroups/stack/GossipRouter.java,JGroups,org.jgroups.stack,GossipRouter,Insufficient Modularization
JGroups/src/org/jgroups/stack/GossipRouter.java,JGroups,org.jgroups.stack,ConnectionTearListener,Unutilized Abstraction
JGroups/src/org/jgroups/stack/GossipRouter.java,JGroups,org.jgroups.stack,FailureDetectionListener,Unutilized Abstraction
JGroups/src/org/jgroups/stack/GossipRouter.java,JGroups,org.jgroups.stack,ConnectionHandler,Unutilized Abstraction
JGroups/src/org/jgroups/stack/RangeBasedRetransmitter.java,JGroups,org.jgroups.stack,RangeBasedRetransmitter,Unutilized Abstraction
JGroups/src/org/jgroups/stack/RangeBasedRetransmitter.java,JGroups,org.jgroups.stack,RangeTask,Broken Hierarchy
JGroups/src/org/jgroups/stack/DefaultRetransmitter.java,JGroups,org.jgroups.stack,DefaultRetransmitter,Unutilized Abstraction
JGroups/src/org/jgroups/stack/DefaultRetransmitter.java,JGroups,org.jgroups.stack,SeqnoTask,Unutilized Abstraction
JGroups/src/org/jgroups/stack/DefaultRetransmitter.java,JGroups,org.jgroups.stack,SeqnoTask,Broken Hierarchy
JGroups/src/org/jgroups/stack/Protocol.java,JGroups,org.jgroups.stack,Protocol,Cyclic-Dependent Modularization
JGroups/src/org/jgroups/stack/Protocol.java,JGroups,org.jgroups.stack,Protocol,Insufficient Modularization
JGroups/src/org/jgroups/stack/NakReceiverWindow.java,JGroups,org.jgroups.stack,NakReceiverWindow,Unutilized Abstraction
JGroups/src/org/jgroups/stack/NakReceiverWindow.java,JGroups,org.jgroups.stack,NakReceiverWindow,Insufficient Modularization
JGroups/src/org/jgroups/stack/RouterStub.java,JGroups,org.jgroups.stack,RouterStub,Cyclic-Dependent Modularization
JGroups/src/org/jgroups/stack/RouterStub.java,JGroups,org.jgroups.stack,RouterStub,Insufficient Modularization
JGroups/src/org/jgroups/stack/RouterStub.java,JGroups,org.jgroups.stack,ConnectionListener,Cyclic-Dependent Modularization
JGroups/src/org/jgroups/stack/DiagnosticsHandler.java,JGroups,org.jgroups.stack,DiagnosticsHandler,Deficient Encapsulation
JGroups/src/org/jgroups/stack/DiagnosticsHandler.java,JGroups,org.jgroups.stack,DiagnosticsHandler,Cyclic-Dependent Modularization
JGroups/src/org/jgroups/stack/RouterStubManager.java,JGroups,org.jgroups.stack,RouterStubManager,Broken Hierarchy
JGroups/src/org/jgroups/stack/StaticInterval.java,JGroups,org.jgroups.stack,StaticInterval,Unutilized Abstraction
JGroups/src/org/jgroups/stack/ExponentialInterval.java,JGroups,org.jgroups.stack,ExponentialInterval,Unutilized Abstraction
JGroups/src/org/jgroups/stack/Configurator.java,JGroups,org.jgroups.stack,Configurator,Cyclic-Dependent Modularization
JGroups/src/org/jgroups/stack/Configurator.java,JGroups,org.jgroups.stack,Configurator,Insufficient Modularization
JGroups/src/org/jgroups/stack/Configurator.java,JGroups,org.jgroups.stack,InetAddressInfo,Cyclic-Dependent Modularization
JGroups/src/org/jgroups/stack/ProtocolStack.java,JGroups,org.jgroups.stack,ProtocolStack,Deficient Encapsulation
JGroups/src/org/jgroups/stack/ProtocolStack.java,JGroups,org.jgroups.stack,ProtocolStack,Cyclic-Dependent Modularization
JGroups/src/org/jgroups/stack/ProtocolStack.java,JGroups,org.jgroups.stack,ProtocolStack,Insufficient Modularization
JGroups/src/org/jgroups/stack/ProtocolStack.java,JGroups,org.jgroups.stack,RefCounter,Unutilized Abstraction
JGroups/src/org/jgroups/stack/GossipData.java,JGroups,org.jgroups.stack,GossipData,Cyclic-Dependent Modularization
JGroups/src/org/jgroups/stack/GossipData.java,JGroups,org.jgroups.stack,GossipData,Insufficient Modularization
JGroups/src/org/jgroups/conf/ProtocolConfiguration.java,JGroups,org.jgroups.conf,ProtocolConfiguration,Deficient Encapsulation
JGroups/src/org/jgroups/conf/ProtocolConfiguration.java,JGroups,org.jgroups.conf,ProtocolConfiguration,Cyclic-Dependent Modularization
JGroups/src/org/jgroups/conf/ClassConfigurator.java,JGroups,org.jgroups.conf,ClassConfigurator,Deficient Encapsulation
JGroups/src/org/jgroups/conf/ClassConfigurator.java,JGroups,org.jgroups.conf,ClassConfigurator,Cyclic-Dependent Modularization
JGroups/src/org/jgroups/conf/PropertyConverters.java,JGroups,org.jgroups.conf,PropertyConverters,Cyclic-Dependent Modularization
JGroups/src/org/jgroups/conf/PropertyConverters.java,JGroups,org.jgroups.conf,NetworkInterfaceList,Unutilized Abstraction
JGroups/src/org/jgroups/conf/PropertyConverters.java,JGroups,org.jgroups.conf,FlushInvoker,Unutilized Abstraction
JGroups/src/org/jgroups/conf/PropertyConverters.java,JGroups,org.jgroups.conf,InitialHosts,Cyclic-Dependent Modularization
JGroups/src/org/jgroups/conf/PropertyConverters.java,JGroups,org.jgroups.conf,InitialHosts2,Unutilized Abstraction
JGroups/src/org/jgroups/conf/PropertyConverters.java,JGroups,org.jgroups.conf,BindInterface,Cyclic-Dependent Modularization
JGroups/src/org/jgroups/conf/PropertyConverters.java,JGroups,org.jgroups.conf,IntegerArray,Unutilized Abstraction
JGroups/src/org/jgroups/conf/PropertyConverters.java,JGroups,org.jgroups.conf,LongArray,Unutilized Abstraction
JGroups/src/org/jgroups/conf/PropertyConverters.java,JGroups,org.jgroups.conf,Default,Cyclic-Dependent Modularization
JGroups/src/org/jgroups/conf/XmlConfigurator.java,JGroups,org.jgroups.conf,XmlConfigurator,Cyclic-Dependent Modularization
JGroups/src/org/jgroups/conf/PlainConfigurator.java,JGroups,org.jgroups.conf,PlainConfigurator,Unutilized Abstraction
JGroups/src/org/jgroups/conf/PropertyHelper.java,JGroups,org.jgroups.conf,PropertyHelper,Cyclic-Dependent Modularization
JGroups/src/org/jgroups/conf/ConfiguratorFactory.java,JGroups,org.jgroups.conf,ConfiguratorFactory,Deficient Encapsulation
JGroups/src/org/jgroups/conf/ConfiguratorFactory.java,JGroups,org.jgroups.conf,ConfiguratorFactory,Cyclic-Dependent Modularization
JGroups/src/org/jgroups/client/StompConnection.java,JGroups,org.jgroups.client,StompConnection,Insufficient Modularization
JGroups/src/org/jgroups/demos/StompChat.java,JGroups,org.jgroups.demos,StompChat,Deficient Encapsulation
JGroups/src/org/jgroups/demos/ProgrammaticChat.java,JGroups,org.jgroups.demos,ProgrammaticChat,Unutilized Abstraction
JGroups/src/org/jgroups/demos/JmxDemo.java,JGroups,org.jgroups.demos,JmxDemo,Insufficient Modularization
JGroups/src/org/jgroups/demos/StompDraw.java,JGroups,org.jgroups.demos,StompDraw,Insufficient Modularization
JGroups/src/org/jgroups/demos/PartitionedHashMapDemo.java,JGroups,org.jgroups.demos,PartitionedHashMapDemo,Imperative Abstraction
JGroups/src/org/jgroups/demos/TotalOrder.java,JGroups,org.jgroups.demos,EventHandler,Unutilized Abstraction
JGroups/src/org/jgroups/demos/TotalOrder.java,JGroups,org.jgroups.demos,SenderThread,Unutilized Abstraction
JGroups/src/org/jgroups/demos/TotalOrder.java,JGroups,org.jgroups.demos,TotOrderRequest,Deficient Encapsulation
JGroups/src/org/jgroups/demos/TotalOrder.java,JGroups,org.jgroups.demos,MyCanvas,Unutilized Abstraction
JGroups/src/org/jgroups/demos/Draw.java,JGroups,org.jgroups.demos,Draw,Insufficient Modularization
JGroups/src/org/jgroups/demos/Draw.java,JGroups,org.jgroups.demos,DrawPanel,Unutilized Abstraction
JGroups/src/org/jgroups/demos/ExecutionServiceDemo.java,JGroups,org.jgroups.demos,SortingByteCallable,Unutilized Abstraction
JGroups/src/org/jgroups/demos/ExecutionServiceDemo.java,JGroups,org.jgroups.demos,SortingTwoByteCallable,Unutilized Abstraction
JGroups/src/org/jgroups/demos/ReplCacheDemo.java,JGroups,org.jgroups.demos,MyFocusListener,Unutilized Abstraction
JGroups/src/org/jgroups/demos/ReplCacheDemo.java,JGroups,org.jgroups.demos,MyTable,Unutilized Abstraction
JGroups/src/org/jgroups/demos/applets/DrawApplet.java,JGroups,org.jgroups.demos.applets,DrawApplet,Unutilized Abstraction
JGroups/src/org/jgroups/demos/wb/Node.java,JGroups,org.jgroups.demos.wb,Node,Deficient Encapsulation
JGroups/src/org/jgroups/demos/wb/MessageDialog.java,JGroups,org.jgroups.demos.wb,MessageDialog,Unutilized Abstraction
JGroups/src/org/jgroups/demos/wb/SendDialog.java,JGroups,org.jgroups.demos.wb,SendDialog,Unutilized Abstraction
JGroups/src/org/jgroups/demos/wb/GraphPanel.java,JGroups,org.jgroups.demos.wb,GraphPanel,Deficient Encapsulation
JGroups/src/org/jgroups/demos/wb/GraphPanel.java,JGroups,org.jgroups.demos.wb,GraphPanel,Cyclic-Dependent Modularization
JGroups/src/org/jgroups/demos/wb/Whiteboard.java,JGroups,org.jgroups.demos.wb,Whiteboard,Deficient Encapsulation
JGroups/src/org/jgroups/demos/wb/Whiteboard.java,JGroups,org.jgroups.demos.wb,Whiteboard,Cyclic-Dependent Modularization
JGroups/src/org/jgroups/demos/wb/Whiteboard.java,JGroups,org.jgroups.demos.wb,Whiteboard,Insufficient Modularization
JGroups/src/org/jgroups/demos/wb/Whiteboard.java,JGroups,org.jgroups.demos.wb,ApplFrame,Unutilized Abstraction
JGroups/src/org/jgroups/protocols/SIZE.java,JGroups,org.jgroups.protocols,SIZE,Unutilized Abstraction
JGroups/src/org/jgroups/protocols/BSH.java,JGroups,org.jgroups.protocols,BSH,Unutilized Abstraction
JGroups/src/org/jgroups/protocols/CENTRAL_EXECUTOR.java,JGroups,org.jgroups.protocols,CENTRAL_EXECUTOR,Unutilized Abstraction
JGroups/src/org/jgroups/protocols/CENTRAL_EXECUTOR.java,JGroups,org.jgroups.protocols,CENTRAL_EXECUTOR,Broken Hierarchy
JGroups/src/org/jgroups/protocols/PingData.java,JGroups,org.jgroups.protocols,PingData,Insufficient Modularization
JGroups/src/org/jgroups/protocols/RATE_LIMITER.java,JGroups,org.jgroups.protocols,RATE_LIMITER,Unutilized Abstraction
JGroups/src/org/jgroups/protocols/BPING.java,JGroups,org.jgroups.protocols,BPING,Unutilized Abstraction
JGroups/src/org/jgroups/protocols/BPING.java,JGroups,org.jgroups.protocols,BPING,Broken Hierarchy
JGroups/src/org/jgroups/protocols/STATS.java,JGroups,org.jgroups.protocols,STATS,Unutilized Abstraction
JGroups/src/org/jgroups/protocols/PING.java,JGroups,org.jgroups.protocols,PING,Unutilized Abstraction
JGroups/src/org/jgroups/protocols/VERIFY_SUSPECT.java,JGroups,org.jgroups.protocols,VERIFY_SUSPECT,Unutilized Abstraction
JGroups/src/org/jgroups/protocols/VERIFY_SUSPECT.java,JGroups,org.jgroups.protocols,Entry,Unutilized Abstraction
JGroups/src/org/jgroups/protocols/S3_PING.java,JGroups,org.jgroups.protocols,S3_PING,Deficient Encapsulation
JGroups/src/org/jgroups/protocols/S3_PING.java,JGroups,org.jgroups.protocols,S3_PING,Insufficient Modularization
JGroups/src/org/jgroups/protocols/S3_PING.java,JGroups,org.jgroups.protocols,AWSAuthConnection,Deficient Encapsulation
JGroups/src/org/jgroups/protocols/S3_PING.java,JGroups,org.jgroups.protocols,AWSAuthConnection,Insufficient Modularization
JGroups/src/org/jgroups/protocols/S3_PING.java,JGroups,org.jgroups.protocols,ListEntry,Deficient Encapsulation
JGroups/src/org/jgroups/protocols/S3_PING.java,JGroups,org.jgroups.protocols,Owner,Unnecessary Abstraction
JGroups/src/org/jgroups/protocols/S3_PING.java,JGroups,org.jgroups.protocols,Owner,Deficient Encapsulation
JGroups/src/org/jgroups/protocols/S3_PING.java,JGroups,org.jgroups.protocols,Response,Deficient Encapsulation
JGroups/src/org/jgroups/protocols/S3_PING.java,JGroups,org.jgroups.protocols,GetResponse,Deficient Encapsulation
JGroups/src/org/jgroups/protocols/S3_PING.java,JGroups,org.jgroups.protocols,GetResponse,Broken Hierarchy
JGroups/src/org/jgroups/protocols/S3_PING.java,JGroups,org.jgroups.protocols,LocationResponse,Unutilized Abstraction
JGroups/src/org/jgroups/protocols/S3_PING.java,JGroups,org.jgroups.protocols,LocationResponse,Broken Hierarchy
JGroups/src/org/jgroups/protocols/S3_PING.java,JGroups,org.jgroups.protocols,Bucket,Deficient Encapsulation
JGroups/src/org/jgroups/protocols/S3_PING.java,JGroups,org.jgroups.protocols,ListBucketResponse,Deficient Encapsulation
JGroups/src/org/jgroups/protocols/S3_PING.java,JGroups,org.jgroups.protocols,ListBucketResponse,Broken Hierarchy
JGroups/src/org/jgroups/protocols/S3_PING.java,JGroups,org.jgroups.protocols,CommonPrefixEntry,Unnecessary Abstraction
JGroups/src/org/jgroups/protocols/S3_PING.java,JGroups,org.jgroups.protocols,CommonPrefixEntry,Deficient Encapsulation
JGroups/src/org/jgroups/protocols/S3_PING.java,JGroups,org.jgroups.protocols,ListAllMyBucketsResponse,Deficient Encapsulation
JGroups/src/org/jgroups/protocols/S3_PING.java,JGroups,org.jgroups.protocols,ListAllMyBucketsResponse,Broken Hierarchy
JGroups/src/org/jgroups/protocols/S3_PING.java,JGroups,org.jgroups.protocols,S3Object,Deficient Encapsulation
JGroups/src/org/jgroups/protocols/S3_PING.java,JGroups,org.jgroups.protocols,CallingFormat,Cyclic-Dependent Modularization
JGroups/src/org/jgroups/protocols/S3_PING.java,JGroups,org.jgroups.protocols,PathCallingFormat,Cyclic-Dependent Modularization
JGroups/src/org/jgroups/protocols/S3_PING.java,JGroups,org.jgroups.protocols,SubdomainCallingFormat,Unutilized Abstraction
JGroups/src/org/jgroups/protocols/S3_PING.java,JGroups,org.jgroups.protocols,VanityCallingFormat,Unutilized Abstraction
JGroups/src/org/jgroups/protocols/S3_PING.java,JGroups,org.jgroups.protocols,Utils,Deficient Encapsulation
JGroups/src/org/jgroups/protocols/S3_PING.java,JGroups,org.jgroups.protocols,Utils,Cyclic-Dependent Modularization
JGroups/src/org/jgroups/protocols/S3_PING.java,JGroups,org.jgroups.protocols,Base64,Deficient Encapsulation
JGroups/src/org/jgroups/protocols/S3_PING.java,JGroups,org.jgroups.protocols,Base64,Cyclic-Dependent Modularization
JGroups/src/org/jgroups/protocols/S3_PING.java,JGroups,org.jgroups.protocols,Base64,Insufficient Modularization
JGroups/src/org/jgroups/protocols/S3_PING.java,JGroups,org.jgroups.protocols,InputStream,Cyclic-Dependent Modularization
JGroups/src/org/jgroups/protocols/S3_PING.java,JGroups,org.jgroups.protocols,OutputStream,Cyclic-Dependent Modularization
JGroups/src/org/jgroups/protocols/SHUFFLE.java,JGroups,org.jgroups.protocols,SHUFFLE,Unutilized Abstraction
JGroups/src/org/jgroups/protocols/UFC.java,JGroups,org.jgroups.protocols,UFC,Unutilized Abstraction
JGroups/src/org/jgroups/protocols/TUNNEL.java,JGroups,org.jgroups.protocols,TUNNEL,Unutilized Abstraction
JGroups/src/org/jgroups/protocols/TUNNEL.java,JGroups,org.jgroups.protocols,TUNNEL,Insufficient Modularization
JGroups/src/org/jgroups/protocols/TUNNEL.java,JGroups,org.jgroups.protocols,TUNNELStubManager,Unutilized Abstraction
JGroups/src/org/jgroups/protocols/TUNNEL.java,JGroups,org.jgroups.protocols,StubReceiver,Cyclic-Dependent Modularization
JGroups/src/org/jgroups/protocols/TUNNEL.java,JGroups,org.jgroups.protocols,DefaultTUNNELPolicy,Unutilized Abstraction
JGroups/src/org/jgroups/protocols/MFC.java,JGroups,org.jgroups.protocols,MFC,Unutilized Abstraction
JGroups/src/org/jgroups/protocols/TP.java,JGroups,org.jgroups.protocols,TP,Deficient Encapsulation
JGroups/src/org/jgroups/protocols/TP.java,JGroups,org.jgroups.protocols,TP,Cyclic-Dependent Modularization
JGroups/src/org/jgroups/protocols/TP.java,JGroups,org.jgroups.protocols,TP,Insufficient Modularization
JGroups/src/org/jgroups/protocols/TP.java,JGroups,org.jgroups.protocols,IncomingPacket,Unutilized Abstraction
JGroups/src/org/jgroups/protocols/TP.java,JGroups,org.jgroups.protocols,Bundler,Cyclic-Dependent Modularization
JGroups/src/org/jgroups/protocols/TP.java,JGroups,org.jgroups.protocols,DefaultBundler,Unutilized Abstraction
JGroups/src/org/jgroups/protocols/TP.java,JGroups,org.jgroups.protocols,BundlingTimer,Unutilized Abstraction
JGroups/src/org/jgroups/protocols/TP.java,JGroups,org.jgroups.protocols,DefaultBundler2,Unutilized Abstraction
JGroups/src/org/jgroups/protocols/TP.java,JGroups,org.jgroups.protocols,TransferQueueBundler2,Unutilized Abstraction
JGroups/src/org/jgroups/protocols/TP.java,JGroups,org.jgroups.protocols,TransferQueueBundler2,Deficient Encapsulation
JGroups/src/org/jgroups/protocols/TP.java,JGroups,org.jgroups.protocols,TransferQueueBundler,Deficient Encapsulation
JGroups/src/org/jgroups/protocols/TP.java,JGroups,org.jgroups.protocols,TransferQueueBundler,Cyclic-Dependent Modularization
JGroups/src/org/jgroups/protocols/AUTH.java,JGroups,org.jgroups.protocols,AUTH,Cyclic-Dependent Modularization
JGroups/src/org/jgroups/protocols/FD_SIMPLE.java,JGroups,org.jgroups.protocols,FD_SIMPLE,Unutilized Abstraction
JGroups/src/org/jgroups/protocols/FD_SIMPLE.java,JGroups,org.jgroups.protocols,HeartbeatTask,Unutilized Abstraction
JGroups/src/org/jgroups/protocols/TCPGOSSIP.java,JGroups,org.jgroups.protocols,TCPGOSSIP,Unutilized Abstraction
JGroups/src/org/jgroups/protocols/CENTRAL_LOCK.java,JGroups,org.jgroups.protocols,CENTRAL_LOCK,Unutilized Abstraction
JGroups/src/org/jgroups/protocols/CENTRAL_LOCK.java,JGroups,org.jgroups.protocols,CENTRAL_LOCK,Broken Hierarchy
JGroups/src/org/jgroups/protocols/PingHeader.java,JGroups,org.jgroups.protocols,PingHeader,Deficient Encapsulation
JGroups/src/org/jgroups/protocols/FRAG.java,JGroups,org.jgroups.protocols,FRAG,Unutilized Abstraction
JGroups/src/org/jgroups/protocols/FRAG.java,JGroups,org.jgroups.protocols,FRAG,Insufficient Modularization
JGroups/src/org/jgroups/protocols/DUPL.java,JGroups,org.jgroups.protocols,DUPL,Unutilized Abstraction
JGroups/src/org/jgroups/protocols/FD_SOCK.java,JGroups,org.jgroups.protocols,FD_SOCK,Deficient Encapsulation
JGroups/src/org/jgroups/protocols/FD_SOCK.java,JGroups,org.jgroups.protocols,FD_SOCK,Insufficient Modularization
JGroups/src/org/jgroups/protocols/FD_SOCK.java,JGroups,org.jgroups.protocols,FdHeader,Unutilized Abstraction
JGroups/src/org/jgroups/protocols/FD_SOCK.java,JGroups,org.jgroups.protocols,FdHeader,Deficient Encapsulation
JGroups/src/org/jgroups/protocols/FlowControl.java,JGroups,org.jgroups.protocols,FlowControl,Insufficient Modularization
JGroups/src/org/jgroups/protocols/DISCARD_PAYLOAD.java,JGroups,org.jgroups.protocols,DISCARD_PAYLOAD,Unutilized Abstraction
JGroups/src/org/jgroups/protocols/FcHeader.java,JGroups,org.jgroups.protocols,FcHeader,Deficient Encapsulation
JGroups/src/org/jgroups/protocols/UDP.java,JGroups,org.jgroups.protocols,UDP,Unutilized Abstraction
JGroups/src/org/jgroups/protocols/UDP.java,JGroups,org.jgroups.protocols,UDP,Insufficient Modularization
JGroups/src/org/jgroups/protocols/PRIO.java,JGroups,org.jgroups.protocols,PRIO,Cyclic-Dependent Modularization
JGroups/src/org/jgroups/protocols/PRIO.java,JGroups,org.jgroups.protocols,DownMessageThread,Unutilized Abstraction
JGroups/src/org/jgroups/protocols/PRIO.java,JGroups,org.jgroups.protocols,DownMessageThread,Cyclic-Dependent Modularization
JGroups/src/org/jgroups/protocols/PRIO.java,JGroups,org.jgroups.protocols,UpMessageThread,Unutilized Abstraction
JGroups/src/org/jgroups/protocols/PRIO.java,JGroups,org.jgroups.protocols,UpMessageThread,Cyclic-Dependent Modularization
JGroups/src/org/jgroups/protocols/PRIO.java,JGroups,org.jgroups.protocols,MessageThread,Unutilized Abstraction
JGroups/src/org/jgroups/protocols/PRIO.java,JGroups,org.jgroups.protocols,PriorityCompare,Unutilized Abstraction
JGroups/src/org/jgroups/protocols/BARRIER.java,JGroups,org.jgroups.protocols,BARRIER,Unutilized Abstraction
JGroups/src/org/jgroups/protocols/DELAY_JOIN_REQ.java,JGroups,org.jgroups.protocols,DELAY_JOIN_REQ,Unutilized Abstraction
JGroups/src/org/jgroups/protocols/FRAG2.java,JGroups,org.jgroups.protocols,FRAG2,Unutilized Abstraction
JGroups/src/org/jgroups/protocols/FRAG2.java,JGroups,org.jgroups.protocols,FragEntry,Unutilized Abstraction
JGroups/src/org/jgroups/protocols/COUNTER.java,JGroups,org.jgroups.protocols,COUNTER,Unexploited Encapsulation
JGroups/src/org/jgroups/protocols/COUNTER.java,JGroups,org.jgroups.protocols,COUNTER,Missing Hierarchy
JGroups/src/org/jgroups/protocols/COUNTER.java,JGroups,org.jgroups.protocols,COUNTER,Cyclic-Dependent Modularization
JGroups/src/org/jgroups/protocols/COUNTER.java,JGroups,org.jgroups.protocols,COUNTER,Insufficient Modularization
JGroups/src/org/jgroups/protocols/COUNTER.java,JGroups,org.jgroups.protocols,CounterImpl,Unutilized Abstraction
JGroups/src/org/jgroups/protocols/COUNTER.java,JGroups,org.jgroups.protocols,Request,Unnecessary Abstraction
JGroups/src/org/jgroups/protocols/COUNTER.java,JGroups,org.jgroups.protocols,SimpleRequest,Unutilized Abstraction
JGroups/src/org/jgroups/protocols/COUNTER.java,JGroups,org.jgroups.protocols,SimpleRequest,Broken Hierarchy
JGroups/src/org/jgroups/protocols/COUNTER.java,JGroups,org.jgroups.protocols,ResendPendingRequests,Unutilized Abstraction
JGroups/src/org/jgroups/protocols/COUNTER.java,JGroups,org.jgroups.protocols,ResendPendingRequests,Broken Hierarchy
JGroups/src/org/jgroups/protocols/COUNTER.java,JGroups,org.jgroups.protocols,GetOrCreateRequest,Unutilized Abstraction
JGroups/src/org/jgroups/protocols/COUNTER.java,JGroups,org.jgroups.protocols,DeleteRequest,Unutilized Abstraction
JGroups/src/org/jgroups/protocols/COUNTER.java,JGroups,org.jgroups.protocols,AddAndGetRequest,Unutilized Abstraction
JGroups/src/org/jgroups/protocols/COUNTER.java,JGroups,org.jgroups.protocols,SetRequest,Unutilized Abstraction
JGroups/src/org/jgroups/protocols/COUNTER.java,JGroups,org.jgroups.protocols,CompareAndSetRequest,Unutilized Abstraction
JGroups/src/org/jgroups/protocols/COUNTER.java,JGroups,org.jgroups.protocols,ReconcileRequest,Broken Hierarchy
JGroups/src/org/jgroups/protocols/COUNTER.java,JGroups,org.jgroups.protocols,ReconcileRequest,Cyclic-Dependent Modularization
JGroups/src/org/jgroups/protocols/COUNTER.java,JGroups,org.jgroups.protocols,UpdateRequest,Broken Hierarchy
JGroups/src/org/jgroups/protocols/COUNTER.java,JGroups,org.jgroups.protocols,Response,Unnecessary Abstraction
JGroups/src/org/jgroups/protocols/COUNTER.java,JGroups,org.jgroups.protocols,Response,Unutilized Abstraction
JGroups/src/org/jgroups/protocols/COUNTER.java,JGroups,org.jgroups.protocols,SimpleResponse,Unutilized Abstraction
JGroups/src/org/jgroups/protocols/COUNTER.java,JGroups,org.jgroups.protocols,SimpleResponse,Broken Hierarchy
JGroups/src/org/jgroups/protocols/COUNTER.java,JGroups,org.jgroups.protocols,BooleanResponse,Unutilized Abstraction
JGroups/src/org/jgroups/protocols/COUNTER.java,JGroups,org.jgroups.protocols,ValueResponse,Unutilized Abstraction
JGroups/src/org/jgroups/protocols/COUNTER.java,JGroups,org.jgroups.protocols,GetOrCreateResponse,Unutilized Abstraction
JGroups/src/org/jgroups/protocols/COUNTER.java,JGroups,org.jgroups.protocols,ExceptionResponse,Unutilized Abstraction
JGroups/src/org/jgroups/protocols/COUNTER.java,JGroups,org.jgroups.protocols,ReconcileResponse,Broken Hierarchy
JGroups/src/org/jgroups/protocols/COUNTER.java,JGroups,org.jgroups.protocols,ReconcileResponse,Cyclic-Dependent Modularization
JGroups/src/org/jgroups/protocols/COUNTER.java,JGroups,org.jgroups.protocols,ReconciliationTask,Cyclic-Dependent Modularization
JGroups/src/org/jgroups/protocols/TCPPING.java,JGroups,org.jgroups.protocols,TCPPING,Unutilized Abstraction
JGroups/src/org/jgroups/protocols/EXAMPLE.java,JGroups,org.jgroups.protocols,EXAMPLE,Unutilized Abstraction
JGroups/src/org/jgroups/protocols/EXAMPLE.java,JGroups,org.jgroups.protocols,ExampleHeader,Unutilized Abstraction
JGroups/src/org/jgroups/protocols/Discovery.java,JGroups,org.jgroups.protocols,Discovery,Insufficient Modularization
JGroups/src/org/jgroups/protocols/PEER_LOCK.java,JGroups,org.jgroups.protocols,PEER_LOCK,Unutilized Abstraction
JGroups/src/org/jgroups/protocols/PEER_LOCK.java,JGroups,org.jgroups.protocols,PEER_LOCK,Broken Hierarchy
JGroups/src/org/jgroups/protocols/PEER_LOCK.java,JGroups,org.jgroups.protocols,PeerLock,Unutilized Abstraction
JGroups/src/org/jgroups/protocols/PEER_LOCK.java,JGroups,org.jgroups.protocols,PeerLock,Broken Hierarchy
JGroups/src/org/jgroups/protocols/COMPRESS.java,JGroups,org.jgroups.protocols,COMPRESS,Unutilized Abstraction
JGroups/src/org/jgroups/protocols/TCP.java,JGroups,org.jgroups.protocols,TCP,Unutilized Abstraction
JGroups/src/org/jgroups/protocols/FD.java,JGroups,org.jgroups.protocols,FD,Deficient Encapsulation
JGroups/src/org/jgroups/protocols/FD.java,JGroups,org.jgroups.protocols,FD,Insufficient Modularization
JGroups/src/org/jgroups/protocols/FD.java,JGroups,org.jgroups.protocols,FdHeader,Unutilized Abstraction
JGroups/src/org/jgroups/protocols/FD.java,JGroups,org.jgroups.protocols,FdHeader,Deficient Encapsulation
JGroups/src/org/jgroups/protocols/FD.java,JGroups,org.jgroups.protocols,Monitor,Unutilized Abstraction
JGroups/src/org/jgroups/protocols/FD.java,JGroups,org.jgroups.protocols,BroadcastTask,Unutilized Abstraction
JGroups/src/org/jgroups/protocols/FD_ALL.java,JGroups,org.jgroups.protocols,FD_ALL,Unutilized Abstraction
JGroups/src/org/jgroups/protocols/FD_ALL.java,JGroups,org.jgroups.protocols,FD_ALL,Insufficient Modularization
JGroups/src/org/jgroups/protocols/FD_ALL.java,JGroups,org.jgroups.protocols,HeartbeatHeader,Unutilized Abstraction
JGroups/src/org/jgroups/protocols/FD_ALL.java,JGroups,org.jgroups.protocols,HeartbeatSender,Unutilized Abstraction
JGroups/src/org/jgroups/protocols/FD_ALL.java,JGroups,org.jgroups.protocols,TimeoutChecker,Unutilized Abstraction
JGroups/src/org/jgroups/protocols/SEQUENCER.java,JGroups,org.jgroups.protocols,SEQUENCER,Unutilized Abstraction
JGroups/src/org/jgroups/protocols/SEQUENCER.java,JGroups,org.jgroups.protocols,SEQUENCER,Insufficient Modularization
JGroups/src/org/jgroups/protocols/RACKSPACE_PING.java,JGroups,org.jgroups.protocols,RACKSPACE_PING,Unutilized Abstraction
JGroups/src/org/jgroups/protocols/RACKSPACE_PING.java,JGroups,org.jgroups.protocols,Response,Unutilized Abstraction
JGroups/src/org/jgroups/protocols/ENCRYPT.java,JGroups,org.jgroups.protocols,ENCRYPT,Deficient Encapsulation
JGroups/src/org/jgroups/protocols/ENCRYPT.java,JGroups,org.jgroups.protocols,ENCRYPT,Insufficient Modularization
JGroups/src/org/jgroups/protocols/ENCRYPT.java,JGroups,org.jgroups.protocols,EncryptHeader,Deficient Encapsulation
JGroups/src/org/jgroups/protocols/SCOPE.java,JGroups,org.jgroups.protocols,SCOPE,Deficient Encapsulation
JGroups/src/org/jgroups/protocols/SCOPE.java,JGroups,org.jgroups.protocols,SCOPE,Insufficient Modularization
JGroups/src/org/jgroups/protocols/SCOPE.java,JGroups,org.jgroups.protocols,ExpiryTask,Unutilized Abstraction
JGroups/src/org/jgroups/protocols/SCOPE.java,JGroups,org.jgroups.protocols,ScopeHeader,Deficient Encapsulation
JGroups/src/org/jgroups/protocols/HTOTAL.java,JGroups,org.jgroups.protocols,HTOTAL,Unutilized Abstraction
JGroups/src/org/jgroups/protocols/UNICAST2.java,JGroups,org.jgroups.protocols,UNICAST2,Unutilized Abstraction
JGroups/src/org/jgroups/protocols/UNICAST2.java,JGroups,org.jgroups.protocols,UNICAST2,Deficient Encapsulation
JGroups/src/org/jgroups/protocols/UNICAST2.java,JGroups,org.jgroups.protocols,UNICAST2,Insufficient Modularization
JGroups/src/org/jgroups/protocols/UNICAST2.java,JGroups,org.jgroups.protocols,Unicast2Header,Deficient Encapsulation
JGroups/src/org/jgroups/protocols/UNICAST2.java,JGroups,org.jgroups.protocols,ConnectionReaper,Unutilized Abstraction
JGroups/src/org/jgroups/protocols/UNICAST2.java,JGroups,org.jgroups.protocols,RetransmitTask,Unutilized Abstraction
JGroups/src/org/jgroups/protocols/FORWARD_TO_COORD.java,JGroups,org.jgroups.protocols,FORWARD_TO_COORD,Unutilized Abstraction
JGroups/src/org/jgroups/protocols/DAISYCHAIN.java,JGroups,org.jgroups.protocols,DAISYCHAIN,Unutilized Abstraction
JGroups/src/org/jgroups/protocols/DAISYCHAIN.java,JGroups,org.jgroups.protocols,DAISYCHAIN,Deficient Encapsulation
JGroups/src/org/jgroups/protocols/SWIFT_PING.java,JGroups,org.jgroups.protocols,SWIFT_PING,Unutilized Abstraction
JGroups/src/org/jgroups/protocols/SWIFT_PING.java,JGroups,org.jgroups.protocols,SWIFT_PING,Insufficient Modularization
JGroups/src/org/jgroups/protocols/SWIFT_PING.java,JGroups,org.jgroups.protocols,HttpHeaders,Unnecessary Abstraction
JGroups/src/org/jgroups/protocols/SWIFT_PING.java,JGroups,org.jgroups.protocols,Credentials,Unutilized Abstraction
JGroups/src/org/jgroups/protocols/SWIFT_PING.java,JGroups,org.jgroups.protocols,Keystone_V_2_0_Auth,Unutilized Abstraction
JGroups/src/org/jgroups/protocols/SWIFT_PING.java,JGroups,org.jgroups.protocols,ConnBuilder,Unutilized Abstraction
JGroups/src/org/jgroups/protocols/SWIFT_PING.java,JGroups,org.jgroups.protocols,Utils,Unutilized Abstraction
JGroups/src/org/jgroups/protocols/Locking.java,JGroups,org.jgroups.protocols,Locking,Insufficient Modularization
JGroups/src/org/jgroups/protocols/Locking.java,JGroups,org.jgroups.protocols,ServerLock,Cyclic-Dependent Modularization
JGroups/src/org/jgroups/protocols/Locking.java,JGroups,org.jgroups.protocols,ServerCondition,Cyclic-Dependent Modularization
JGroups/src/org/jgroups/protocols/Locking.java,JGroups,org.jgroups.protocols,ClientLock,Cyclic-Dependent Modularization
JGroups/src/org/jgroups/protocols/Locking.java,JGroups,org.jgroups.protocols,ClientCondition,Cyclic-Dependent Modularization
JGroups/src/org/jgroups/protocols/Locking.java,JGroups,org.jgroups.protocols,Request,Unutilized Abstraction
JGroups/src/org/jgroups/protocols/FD_PING.java,JGroups,org.jgroups.protocols,FD_PING,Unutilized Abstraction
JGroups/src/org/jgroups/protocols/FD_PING.java,JGroups,org.jgroups.protocols,PingMonitor,Unutilized Abstraction
JGroups/src/org/jgroups/protocols/RELAY.java,JGroups,org.jgroups.protocols,RELAY,Insufficient Modularization
JGroups/src/org/jgroups/protocols/RELAY.java,JGroups,org.jgroups.protocols,Receiver,Unutilized Abstraction
JGroups/src/org/jgroups/protocols/RELAY.java,JGroups,org.jgroups.protocols,RemoteViewFetcher,Unutilized Abstraction
JGroups/src/org/jgroups/protocols/MERGE2.java,JGroups,org.jgroups.protocols,MERGE2,Unutilized Abstraction
JGroups/src/org/jgroups/protocols/MERGE2.java,JGroups,org.jgroups.protocols,MERGE2,Insufficient Modularization
JGroups/src/org/jgroups/protocols/UNICAST.java,JGroups,org.jgroups.protocols,UNICAST,Unutilized Abstraction
JGroups/src/org/jgroups/protocols/UNICAST.java,JGroups,org.jgroups.protocols,UNICAST,Deficient Encapsulation
JGroups/src/org/jgroups/protocols/UNICAST.java,JGroups,org.jgroups.protocols,UNICAST,Insufficient Modularization
JGroups/src/org/jgroups/protocols/UNICAST.java,JGroups,org.jgroups.protocols,UnicastHeader,Deficient Encapsulation
JGroups/src/org/jgroups/protocols/UNICAST.java,JGroups,org.jgroups.protocols,SenderEntry,Unutilized Abstraction
JGroups/src/org/jgroups/protocols/UNICAST.java,JGroups,org.jgroups.protocols,ReceiverEntry,Unutilized Abstraction
JGroups/src/org/jgroups/protocols/UNICAST.java,JGroups,org.jgroups.protocols,ConnectionReaper,Unutilized Abstraction
JGroups/src/org/jgroups/protocols/UNICAST.java,JGroups,org.jgroups.protocols,RetransmitTask,Unutilized Abstraction
JGroups/src/org/jgroups/protocols/MPING.java,JGroups,org.jgroups.protocols,MPING,Unutilized Abstraction
JGroups/src/org/jgroups/protocols/MPING.java,JGroups,org.jgroups.protocols,MPING,Broken Hierarchy
JGroups/src/org/jgroups/protocols/FILE_PING.java,JGroups,org.jgroups.protocols,WriterTask,Unutilized Abstraction
JGroups/src/org/jgroups/protocols/TRACE.java,JGroups,org.jgroups.protocols,TRACE,Unutilized Abstraction
JGroups/src/org/jgroups/protocols/MERGE3.java,JGroups,org.jgroups.protocols,MERGE3,Unutilized Abstraction
JGroups/src/org/jgroups/protocols/MERGE3.java,JGroups,org.jgroups.protocols,MERGE3,Insufficient Modularization
JGroups/src/org/jgroups/protocols/MERGE3.java,JGroups,org.jgroups.protocols,InfoSender,Unutilized Abstraction
JGroups/src/org/jgroups/protocols/MERGE3.java,JGroups,org.jgroups.protocols,ViewConsistencyChecker,Unutilized Abstraction
JGroups/src/org/jgroups/protocols/FD_ICMP.java,JGroups,org.jgroups.protocols,PingMonitor,Unutilized Abstraction
JGroups/src/org/jgroups/protocols/RSVP.java,JGroups,org.jgroups.protocols,RSVP,Unutilized Abstraction
JGroups/src/org/jgroups/protocols/RSVP.java,JGroups,org.jgroups.protocols,Entry,Unutilized Abstraction
JGroups/src/org/jgroups/protocols/TCP_NIO.java,JGroups,org.jgroups.protocols,TCP_NIO,Unutilized Abstraction
JGroups/src/org/jgroups/protocols/FC.java,JGroups,org.jgroups.protocols,FC,Insufficient Modularization
JGroups/src/org/jgroups/protocols/FC.java,JGroups,org.jgroups.protocols,Credit,Unutilized Abstraction
JGroups/src/org/jgroups/protocols/DISCARD.java,JGroups,org.jgroups.protocols,DISCARD,Unutilized Abstraction
JGroups/src/org/jgroups/protocols/DISCARD.java,JGroups,org.jgroups.protocols,DISCARD,Insufficient Modularization
JGroups/src/org/jgroups/protocols/Executing.java,JGroups,org.jgroups.protocols,Executing,Insufficient Modularization
JGroups/src/org/jgroups/protocols/Executing.java,JGroups,org.jgroups.protocols,Request,Unutilized Abstraction
JGroups/src/org/jgroups/protocols/Executing.java,JGroups,org.jgroups.protocols,RequestWithThread,Broken Hierarchy
JGroups/src/org/jgroups/protocols/Executing.java,JGroups,org.jgroups.protocols,Owner,Unutilized Abstraction
JGroups/src/org/jgroups/protocols/AuthHeader.java,JGroups,org.jgroups.protocols,AuthHeader,Cyclic-Dependent Modularization
JGroups/src/org/jgroups/protocols/FragHeader.java,JGroups,org.jgroups.protocols,FragHeader,Deficient Encapsulation
JGroups/src/org/jgroups/protocols/STOMP.java,JGroups,org.jgroups.protocols,STOMP,Deficient Encapsulation
JGroups/src/org/jgroups/protocols/STOMP.java,JGroups,org.jgroups.protocols,STOMP,Cyclic-Dependent Modularization
JGroups/src/org/jgroups/protocols/STOMP.java,JGroups,org.jgroups.protocols,STOMP,Insufficient Modularization
JGroups/src/org/jgroups/protocols/STOMP.java,JGroups,org.jgroups.protocols,Connection,Cyclic-Dependent Modularization
JGroups/src/org/jgroups/protocols/TpHeader.java,JGroups,org.jgroups.protocols,TpHeader,Deficient Encapsulation
JGroups/src/org/jgroups/protocols/BasicTCP.java,JGroups,org.jgroups.protocols,BasicTCP,Unutilized Abstraction
JGroups/src/org/jgroups/protocols/tom/SenderManager.java,JGroups,org.jgroups.protocols.tom,SenderManager,Deficient Encapsulation
JGroups/src/org/jgroups/protocols/tom/StatsCollector.java,JGroups,org.jgroups.protocols.tom,StatsCollector,Insufficient Modularization
JGroups/src/org/jgroups/protocols/tom/ToaHeader.java,JGroups,org.jgroups.protocols.tom,ToaHeader,Deficient Encapsulation
JGroups/src/org/jgroups/protocols/tom/DeliveryManagerImpl.java,JGroups,org.jgroups.protocols.tom,MessageInfo,Unutilized Abstraction
JGroups/src/org/jgroups/protocols/tom/TOA.java,JGroups,org.jgroups.protocols.tom,TOA,Unutilized Abstraction
JGroups/src/org/jgroups/protocols/tom/TOA.java,JGroups,org.jgroups.protocols.tom,TOA,Insufficient Modularization
JGroups/src/org/jgroups/protocols/pbcast/Merger.java,JGroups,org.jgroups.protocols.pbcast,Merger,Cyclic-Dependent Modularization
JGroups/src/org/jgroups/protocols/pbcast/Merger.java,JGroups,org.jgroups.protocols.pbcast,Merger,Insufficient Modularization
JGroups/src/org/jgroups/protocols/pbcast/Merger.java,JGroups,org.jgroups.protocols.pbcast,MergeTask,Unutilized Abstraction
JGroups/src/org/jgroups/protocols/pbcast/STATE_SOCK.java,JGroups,org.jgroups.protocols.pbcast,STATE_SOCK,Unutilized Abstraction
JGroups/src/org/jgroups/protocols/pbcast/ParticipantGmsImpl.java,JGroups,org.jgroups.protocols.pbcast,ParticipantGmsImpl,Unutilized Abstraction
JGroups/src/org/jgroups/protocols/pbcast/ParticipantGmsImpl.java,JGroups,org.jgroups.protocols.pbcast,ParticipantGmsImpl,Broken Hierarchy
JGroups/src/org/jgroups/protocols/pbcast/ParticipantGmsImpl.java,JGroups,org.jgroups.protocols.pbcast,ParticipantGmsImpl,Cyclic-Dependent Modularization
JGroups/src/org/jgroups/protocols/pbcast/CoordGmsImpl.java,JGroups,org.jgroups.protocols.pbcast,CoordGmsImpl,Unutilized Abstraction
JGroups/src/org/jgroups/protocols/pbcast/CoordGmsImpl.java,JGroups,org.jgroups.protocols.pbcast,CoordGmsImpl,Broken Hierarchy
JGroups/src/org/jgroups/protocols/pbcast/CoordGmsImpl.java,JGroups,org.jgroups.protocols.pbcast,CoordGmsImpl,Cyclic-Dependent Modularization
JGroups/src/org/jgroups/protocols/pbcast/NakAckHeader2.java,JGroups,org.jgroups.protocols.pbcast,NakAckHeader2,Deficient Encapsulation
JGroups/src/org/jgroups/protocols/pbcast/GMS.java,JGroups,org.jgroups.protocols.pbcast,GMS,Deficient Encapsulation
JGroups/src/org/jgroups/protocols/pbcast/GMS.java,JGroups,org.jgroups.protocols.pbcast,GMS,Cyclic-Dependent Modularization
JGroups/src/org/jgroups/protocols/pbcast/GMS.java,JGroups,org.jgroups.protocols.pbcast,GMS,Insufficient Modularization
JGroups/src/org/jgroups/protocols/pbcast/GMS.java,JGroups,org.jgroups.protocols.pbcast,GmsHeader,Deficient Encapsulation
JGroups/src/org/jgroups/protocols/pbcast/GMS.java,JGroups,org.jgroups.protocols.pbcast,GmsHeader,Cyclic-Dependent Modularization
JGroups/src/org/jgroups/protocols/pbcast/GMS.java,JGroups,org.jgroups.protocols.pbcast,ViewHandler,Unutilized Abstraction
JGroups/src/org/jgroups/protocols/pbcast/NAKACK2.java,JGroups,org.jgroups.protocols.pbcast,NAKACK2,Insufficient Modularization
JGroups/src/org/jgroups/protocols/pbcast/NAKACK2.java,JGroups,org.jgroups.protocols.pbcast,RetransmitTask,Unutilized Abstraction
JGroups/src/org/jgroups/protocols/pbcast/GmsImpl.java,JGroups,org.jgroups.protocols.pbcast,GmsImpl,Cyclic-Dependent Modularization
JGroups/src/org/jgroups/protocols/pbcast/GmsImpl.java,JGroups,org.jgroups.protocols.pbcast,GmsImpl,Insufficient Modularization
JGroups/src/org/jgroups/protocols/pbcast/FLUSH.java,JGroups,org.jgroups.protocols.pbcast,FLUSH,Deficient Encapsulation
JGroups/src/org/jgroups/protocols/pbcast/FLUSH.java,JGroups,org.jgroups.protocols.pbcast,FLUSH,Cyclic-Dependent Modularization
JGroups/src/org/jgroups/protocols/pbcast/FLUSH.java,JGroups,org.jgroups.protocols.pbcast,FLUSH,Insufficient Modularization
JGroups/src/org/jgroups/protocols/pbcast/FLUSH.java,JGroups,org.jgroups.protocols.pbcast,FlushHeader,Deficient Encapsulation
JGroups/src/org/jgroups/protocols/pbcast/FLUSH.java,JGroups,org.jgroups.protocols.pbcast,FlushHeader,Cyclic-Dependent Modularization
JGroups/src/org/jgroups/protocols/pbcast/StreamingStateTransfer.java,JGroups,org.jgroups.protocols.pbcast,StreamingStateTransfer,Unutilized Abstraction
JGroups/src/org/jgroups/protocols/pbcast/StreamingStateTransfer.java,JGroups,org.jgroups.protocols.pbcast,StreamingStateTransfer,Deficient Encapsulation
JGroups/src/org/jgroups/protocols/pbcast/StreamingStateTransfer.java,JGroups,org.jgroups.protocols.pbcast,StreamingStateTransfer,Insufficient Modularization
JGroups/src/org/jgroups/protocols/pbcast/StreamingStateTransfer.java,JGroups,org.jgroups.protocols.pbcast,StateHeader,Deficient Encapsulation
JGroups/src/org/jgroups/protocols/pbcast/ServerGmsImpl.java,JGroups,org.jgroups.protocols.pbcast,ServerGmsImpl,Unutilized Abstraction
JGroups/src/org/jgroups/protocols/pbcast/NAKACK.java,JGroups,org.jgroups.protocols.pbcast,NAKACK,Unutilized Abstraction
JGroups/src/org/jgroups/protocols/pbcast/NAKACK.java,JGroups,org.jgroups.protocols.pbcast,NAKACK,Insufficient Modularization
JGroups/src/org/jgroups/protocols/pbcast/JoinRsp.java,JGroups,org.jgroups.protocols.pbcast,JoinRsp,Cyclic-Dependent Modularization
JGroups/src/org/jgroups/protocols/pbcast/ClientGmsImpl.java,JGroups,org.jgroups.protocols.pbcast,ClientGmsImpl,Cyclic-Dependent Modularization
JGroups/src/org/jgroups/protocols/pbcast/STABLE.java,JGroups,org.jgroups.protocols.pbcast,STABLE,Unutilized Abstraction
JGroups/src/org/jgroups/protocols/pbcast/STABLE.java,JGroups,org.jgroups.protocols.pbcast,STABLE,Deficient Encapsulation
JGroups/src/org/jgroups/protocols/pbcast/STABLE.java,JGroups,org.jgroups.protocols.pbcast,STABLE,Insufficient Modularization
JGroups/src/org/jgroups/protocols/pbcast/STABLE.java,JGroups,org.jgroups.protocols.pbcast,StableHeader,Deficient Encapsulation
JGroups/src/org/jgroups/protocols/pbcast/STATE.java,JGroups,org.jgroups.protocols.pbcast,STATE,Unutilized Abstraction
JGroups/src/org/jgroups/protocols/pbcast/STATE.java,JGroups,org.jgroups.protocols.pbcast,StateOutputStream,Unutilized Abstraction
JGroups/src/org/jgroups/protocols/pbcast/MergeData.java,JGroups,org.jgroups.protocols.pbcast,MergeData,Cyclic-Dependent Modularization
JGroups/src/org/jgroups/protocols/pbcast/STATE_TRANSFER.java,JGroups,org.jgroups.protocols.pbcast,STATE_TRANSFER,Unutilized Abstraction
JGroups/src/org/jgroups/protocols/pbcast/STATE_TRANSFER.java,JGroups,org.jgroups.protocols.pbcast,STATE_TRANSFER,Deficient Encapsulation
JGroups/src/org/jgroups/protocols/pbcast/STATE_TRANSFER.java,JGroups,org.jgroups.protocols.pbcast,STATE_TRANSFER,Insufficient Modularization
JGroups/src/org/jgroups/protocols/pbcast/STATE_TRANSFER.java,JGroups,org.jgroups.protocols.pbcast,StateHeader,Unutilized Abstraction
JGroups/src/org/jgroups/protocols/pbcast/STATE_TRANSFER.java,JGroups,org.jgroups.protocols.pbcast,StateHeader,Deficient Encapsulation
JGroups/src/org/jgroups/protocols/pbcast/NakAckHeader.java,JGroups,org.jgroups.protocols.pbcast,NakAckHeader,Deficient Encapsulation
JGroups/src/org/jgroups/protocols/relay/CanBeSiteMasterTopology.java,JGroups,org.jgroups.protocols.relay,CanBeSiteMasterTopology,Unutilized Abstraction
JGroups/src/org/jgroups/protocols/relay/Relayer.java,JGroups,org.jgroups.protocols.relay,Relayer,Cyclic-Dependent Modularization
JGroups/src/org/jgroups/protocols/relay/Relayer.java,JGroups,org.jgroups.protocols.relay,Relayer,Insufficient Modularization
JGroups/src/org/jgroups/protocols/relay/Relayer.java,JGroups,org.jgroups.protocols.relay,Route,Cyclic-Dependent Modularization
JGroups/src/org/jgroups/protocols/relay/Relayer.java,JGroups,org.jgroups.protocols.relay,Bridge,Cyclic-Dependent Modularization
JGroups/src/org/jgroups/protocols/relay/RELAY2.java,JGroups,org.jgroups.protocols.relay,RELAY2,Deficient Encapsulation
JGroups/src/org/jgroups/protocols/relay/RELAY2.java,JGroups,org.jgroups.protocols.relay,RELAY2,Unexploited Encapsulation
JGroups/src/org/jgroups/protocols/relay/RELAY2.java,JGroups,org.jgroups.protocols.relay,RELAY2,Missing Hierarchy
JGroups/src/org/jgroups/protocols/relay/RELAY2.java,JGroups,org.jgroups.protocols.relay,RELAY2,Cyclic-Dependent Modularization
JGroups/src/org/jgroups/protocols/relay/RELAY2.java,JGroups,org.jgroups.protocols.relay,RELAY2,Insufficient Modularization
JGroups/src/org/jgroups/protocols/relay/RELAY2.java,JGroups,org.jgroups.protocols.relay,Relay2Header,Deficient Encapsulation
JGroups/src/org/jgroups/protocols/relay/config/RelayConfig.java,JGroups,org.jgroups.protocols.relay.config,RelayConfig,Insufficient Modularization
JGroups/src/org/jgroups/protocols/relay/config/RelayConfig.java,JGroups,org.jgroups.protocols.relay.config,PropertiesBridgeConfig,Unutilized Abstraction
JGroups/src/org/jgroups/logging/LogFactory.java,JGroups,org.jgroups.logging,LogFactory,Deficient Encapsulation
JGroups/src/org/jgroups/logging/JDKLogImpl.java,JGroups,org.jgroups.logging,JDKLogImpl,Insufficient Modularization
JGroups/src/org/jgroups/logging/Log4JLogImpl.java,JGroups,org.jgroups.logging,Log4JLogImpl,Insufficient Modularization
