FileName,SqTotalIssues,SqCodeSmells,SqBugs,SqVulnerabilities,SqSecurityHotspots
core/src/main/java/org/apache/calcite/sql/type/SameOperandTypeChecker.java,3,3,0,0,0
core/src/main/java/org/apache/calcite/sql/type/MultisetOperandTypeChecker.java,0,0,0,0,0
core/src/main/java/org/apache/calcite/sql/type/AssignableOperandTypeChecker.java,0,0,0,0,0
core/src/main/java/org/apache/calcite/sql/type/TableFunctionReturnTypeInference.java,3,2,1,0,0
core/src/main/java/org/apache/calcite/sql/type/SqlTypeFamily.java,1,1,0,0,0
core/src/main/java/org/apache/calcite/sql/type/CompositeOperandTypeChecker.java,7,7,0,0,0
core/src/main/java/org/apache/calcite/sql/type/ReturnTypes.java,2,2,0,0,0
core/src/main/java/org/apache/calcite/sql/type/SqlTypeAssignmentRules.java,5,5,0,0,0
core/src/main/java/org/apache/calcite/sql/type/FamilyOperandTypeChecker.java,4,4,0,0,0
core/src/main/java/org/apache/calcite/sql/type/OperandsTypeChecking.java,2,2,0,0,0
core/src/main/java/org/apache/calcite/sql/type/MultisetSqlType.java,6,6,0,0,0
core/src/main/java/org/apache/calcite/sql/type/IntervalSqlType.java,5,5,0,0,0
core/src/main/java/org/apache/calcite/sql/type/InferTypes.java,1,1,0,0,0
core/src/main/java/org/apache/calcite/sql/type/OperandTypes.java,8,8,0,0,0
core/src/main/java/org/apache/calcite/sql/type/ComparableOperandTypeChecker.java,3,3,0,0,0
core/src/main/java/org/apache/calcite/sql/type/SqlTypeFactoryImpl.java,18,18,0,0,0
core/src/main/java/org/apache/calcite/sql/type/SqlTypeUtil.java,21,21,0,0,0
core/src/main/java/org/apache/calcite/sql/type/AbstractSqlType.java,5,5,0,0,0
core/src/main/java/org/apache/calcite/sql/type/ExtraSqlTypes.java,1,1,0,0,0
core/src/main/java/org/apache/calcite/sql/type/SqlOperandCountRanges.java,2,2,0,0,0
core/src/main/java/org/apache/calcite/sql/type/ObjectSqlType.java,6,6,0,0,0
core/src/main/java/org/apache/calcite/sql/type/SqlTypeTransforms.java,3,3,0,0,0
core/src/main/java/org/apache/calcite/sql/fun/SqlLeadLagAggFunction.java,1,1,0,0,0
core/src/main/java/org/apache/calcite/sql/fun/SqlRandIntegerFunction.java,2,2,0,0,0
core/src/main/java/org/apache/calcite/sql/fun/SqlJsonArrayAggAggFunction.java,4,4,0,0,0
core/src/main/java/org/apache/calcite/sql/fun/SqlLikeOperator.java,7,7,0,0,0
core/src/main/java/org/apache/calcite/sql/fun/SqlCoalesceFunction.java,2,2,0,0,0
core/src/main/java/org/apache/calcite/sql/fun/SqlExtendOperator.java,1,1,0,0,0
core/src/main/java/org/apache/calcite/sql/fun/SqlDatetimeSubtractionOperator.java,2,2,0,0,0
core/src/main/java/org/apache/calcite/sql/fun/SqlMapValueConstructor.java,2,2,0,0,0
core/src/main/java/org/apache/calcite/sql/fun/SqlAbstractGroupFunction.java,1,1,0,0,0
core/src/main/java/org/apache/calcite/sql/fun/SqlAvgAggFunction.java,3,3,0,0,0
core/src/main/java/org/apache/calcite/sql/fun/SqlBaseContextVariable.java,2,2,0,0,0
core/src/main/java/org/apache/calcite/sql/fun/SqlRandFunction.java,2,2,0,0,0
core/src/main/java/org/apache/calcite/sql/fun/SqlGroupingIdFunction.java,0,0,0,0,0
core/src/main/java/org/apache/calcite/sql/fun/SqlLibraryOperatorTableFactory.java,3,3,0,0,0
core/src/main/java/org/apache/calcite/sql/fun/SqlNewOperator.java,2,2,0,0,0
core/src/main/java/org/apache/calcite/sql/fun/SqlStdOperatorTable.java,14,14,0,0,0
core/src/main/java/org/apache/calcite/sql/fun/SqlJsonPrettyFunction.java,1,1,0,0,0
core/src/main/java/org/apache/calcite/sql/fun/SqlConvertFunction.java,4,4,0,0,0
core/src/main/java/org/apache/calcite/sql/fun/SqlJsonArrayFunction.java,3,3,0,0,0
core/src/main/java/org/apache/calcite/sql/fun/SqlMultisetQueryConstructor.java,6,6,0,0,0
core/src/main/java/org/apache/calcite/sql/fun/SqlMultisetMemberOfOperator.java,2,2,0,0,0
core/src/main/java/org/apache/calcite/sql/fun/SqlSubstringFunction.java,6,6,0,0,0
core/src/main/java/org/apache/calcite/sql/fun/SqlMultisetValueConstructor.java,4,4,0,0,0
core/src/main/java/org/apache/calcite/sql/fun/SqlFirstLastValueAggFunction.java,5,5,0,0,0
core/src/main/java/org/apache/calcite/sql/fun/SqlSingleValueAggFunction.java,10,10,0,0,0
core/src/main/java/org/apache/calcite/sql/fun/SqlQuantifyOperator.java,1,1,0,0,0
core/src/main/java/org/apache/calcite/sql/fun/SqlInOperator.java,3,3,0,0,0
core/src/main/java/org/apache/calcite/sql/fun/SqlCurrentDateFunction.java,2,2,0,0,0
core/src/main/java/org/apache/calcite/sql/fun/OracleSqlOperatorTable.java,0,0,0,0,0
core/src/main/java/org/apache/calcite/sql/fun/SqlExtractFunction.java,3,3,0,0,0
core/src/main/java/org/apache/calcite/sql/fun/SqlTrimFunction.java,9,9,0,0,0
core/src/main/java/org/apache/calcite/sql/fun/SqlMinMaxAggFunction.java,16,16,0,0,0
core/src/main/java/org/apache/calcite/sql/fun/SqlCursorConstructor.java,4,4,0,0,0
core/src/main/java/org/apache/calcite/sql/fun/SqlJsonObjectFunction.java,3,3,0,0,0
core/src/main/java/org/apache/calcite/sql/dialect/JethroDataSqlDialect.java,9,9,0,0,0
core/src/main/java/org/apache/calcite/sql/dialect/HiveSqlDialect.java,2,2,0,0,0
core/src/main/java/org/apache/calcite/sql/dialect/SparkSqlDialect.java,2,2,0,0,0
core/src/main/java/org/apache/calcite/sql/dialect/MysqlSqlDialect.java,4,4,0,0,0
core/src/main/java/org/apache/calcite/sql/dialect/OracleSqlDialect.java,3,3,0,0,0
core/src/main/java/org/apache/calcite/sql/SqlFunctionalOperator.java,1,1,0,0,0
core/src/main/java/org/apache/calcite/sql/validate/SqlValidatorImpl.java,119,116,3,0,0
core/src/main/java/org/apache/calcite/sql/validate/implicit/TypeCoercions.java,1,1,0,0,0
core/src/main/java/org/apache/calcite/sql/validate/AliasNamespace.java,1,1,0,0,0
core/src/main/java/org/apache/calcite/sql/validate/CyclicDefinitionException.java,1,1,0,0,0
core/src/main/java/org/apache/calcite/sql/validate/OrderByScope.java,4,4,0,0,0
core/src/main/java/org/apache/calcite/sql/validate/AbstractNamespace.java,2,2,0,0,0
core/src/main/java/org/apache/calcite/sql/validate/OverScope.java,1,1,0,0,0
core/src/main/java/org/apache/calcite/sql/validate/SqlUserDefinedFunction.java,1,1,0,0,0
core/src/main/java/org/apache/calcite/sql/validate/SqlValidator.java,2,2,0,0,0
core/src/main/java/org/apache/calcite/sql/validate/SqlValidatorScope.java,4,4,0,0,0
core/src/main/java/org/apache/calcite/sql/validate/AggregatingSelectScope.java,3,3,0,0,0
core/src/main/java/org/apache/calcite/sql/validate/EmptyScope.java,7,7,0,0,0
core/src/main/java/org/apache/calcite/sql/validate/IdentifierNamespace.java,6,6,0,0,0
core/src/main/java/org/apache/calcite/sql/validate/SqlConformance.java,8,8,0,0,0
core/src/main/java/org/apache/calcite/sql/validate/SqlNameMatchers.java,1,1,0,0,0
core/src/main/java/org/apache/calcite/sql/SqlSelect.java,2,2,0,0,0
core/src/main/java/org/apache/calcite/sql/SqlValuesOperator.java,1,1,0,0,0
core/src/main/java/org/apache/calcite/sql/util/ReflectiveSqlOperatorTable.java,4,4,0,0,0
core/src/main/java/org/apache/calcite/sql/SqlRowTypeNameSpec.java,3,3,0,0,0
core/src/main/java/org/apache/calcite/sql/SqlCharStringLiteral.java,1,1,0,0,0
core/src/main/java/org/apache/calcite/sql/SqlDynamicParam.java,2,2,0,0,0
core/src/main/java/org/apache/calcite/sql/pretty/SqlFormatOptions.java,1,1,0,0,0
core/src/main/java/org/apache/calcite/sql/SqlSplittableAggFunction.java,2,2,0,0,0
core/src/main/java/org/apache/calcite/sql/SqlWith.java,3,1,0,2,0
core/src/main/java/org/apache/calcite/sql/parser/SqlAbstractParserImpl.java,10,10,0,0,0
core/src/main/java/org/apache/calcite/sql/parser/SqlParserUtil.java,21,20,1,0,0
core/src/main/java/org/apache/calcite/sql/SqlAbstractDateTimeLiteral.java,4,4,0,0,0
core/src/main/java/org/apache/calcite/sql/SqlBasicTypeNameSpec.java,1,1,0,0,0
core/src/main/java/org/apache/calcite/sql/SqlNode.java,4,4,0,0,0
core/src/main/java/org/apache/calcite/sql/advise/SqlAdvisor.java,2,1,1,0,0
core/src/main/java/org/apache/calcite/sql/SqlWindow.java,32,32,0,0,0
core/src/main/java/org/apache/calcite/sql/SqlSetOption.java,1,1,0,0,0
core/src/main/java/org/apache/calcite/sql/SqlIntervalQualifier.java,23,15,1,0,7
core/src/main/java/org/apache/calcite/sql/SqlMatchRecognize.java,3,3,0,0,0
core/src/main/java/org/apache/calcite/sql/SqlProcedureCallOperator.java,1,1,0,0,0
core/src/main/java/org/apache/calcite/sql/SqlBasicCall.java,1,1,0,0,0
core/src/main/java/org/apache/calcite/sql/SqlSelectOperator.java,7,7,0,0,0
core/src/main/java/org/apache/calcite/sql/SqlInfixOperator.java,4,4,0,0,0
core/src/main/java/org/apache/calcite/sql/SqlRankFunction.java,1,1,0,0,0
core/src/main/java/org/apache/calcite/rel/mutable/MutableMinus.java,3,3,0,0,0
core/src/main/java/org/apache/calcite/sql/SqlOperator.java,6,6,0,0,0
core/src/main/java/org/apache/calcite/sql/SqlIntervalLiteral.java,3,3,0,0,0
core/src/main/java/org/apache/calcite/sql/SqlTimestampLiteral.java,1,1,0,0,0
core/src/main/java/org/apache/calcite/sql/SqlDescribeSchema.java,1,1,0,0,0
core/src/main/java/org/apache/calcite/sql/SqlDialect.java,23,23,0,0,0
core/src/main/java/org/apache/calcite/sql/SqlFunction.java,9,8,1,0,0
core/src/main/java/org/apache/calcite/sql/SqlCollectionTypeNameSpec.java,1,1,0,0,0
core/src/main/java/org/apache/calcite/sql/SqlGroupedWindowFunction.java,3,3,0,0,0
core/src/main/java/org/apache/calcite/sql/SqlCallBinding.java,3,3,0,0,0
core/src/main/java/org/apache/calcite/sql/SqlWithinGroupOperator.java,5,5,0,0,0
core/src/main/java/org/apache/calcite/sql/SqlTimeLiteral.java,1,1,0,0,0
core/src/main/java/org/apache/calcite/sql/SqlFilterOperator.java,5,5,0,0,0
core/src/main/java/org/apache/calcite/sql/SqlBinaryOperator.java,5,5,0,0,0
core/src/main/java/org/apache/calcite/sql/SqlAccessType.java,3,3,0,0,0
core/src/main/java/org/apache/calcite/sql/SqlOperatorBinding.java,3,3,0,0,0
core/src/main/java/org/apache/calcite/sql/SqlWithItem.java,6,3,0,3,0
core/src/main/java/org/apache/calcite/sql/SqlUnnestOperator.java,2,2,0,0,0
core/src/main/java/org/apache/calcite/rel/type/RelDataTypeFieldImpl.java,3,3,0,0,0
core/src/main/java/org/apache/calcite/rel/type/RelDataTypeFactory.java,4,4,0,0,0
core/src/main/java/org/apache/calcite/rel/type/RelDataTypeImpl.java,8,8,0,0,0
core/src/main/java/org/apache/calcite/rel/type/DynamicRecordType.java,1,1,0,0,0
core/src/main/java/org/apache/calcite/rel/mutable/MutableCorrelate.java,2,2,0,0,0
core/src/main/java/org/apache/calcite/rel/mutable/MutableWindow.java,2,2,0,0,0
core/src/main/java/org/apache/calcite/rel/mutable/MutableCalc.java,2,2,0,0,0
core/src/main/java/org/apache/calcite/rel/mutable/MutableValues.java,2,2,0,0,0
core/src/main/java/org/apache/calcite/rel/mutable/MutableCollect.java,2,2,0,0,0
core/src/main/java/org/apache/calcite/rel/mutable/MutableRel.java,3,3,0,0,0
core/src/main/java/org/apache/calcite/rel/mutable/MutableUncollect.java,2,2,0,0,0
core/src/main/java/org/apache/calcite/rel/mutable/MutableProject.java,2,2,0,0,0
core/src/main/java/org/apache/calcite/rel/mutable/MutableExchange.java,2,2,0,0,0
core/src/main/java/org/apache/calcite/rel/mutable/MutableRelVisitor.java,1,1,0,0,0
core/src/main/java/org/apache/calcite/rel/mutable/MutableTableModify.java,4,4,0,0,0
core/src/main/java/org/apache/calcite/rel/mutable/MutableJoin.java,2,2,0,0,0
core/src/main/java/org/apache/calcite/rel/mutable/MutableRels.java,7,7,0,0,0
core/src/main/java/org/apache/calcite/rel/mutable/MutableTableFunctionScan.java,2,2,0,0,0
core/src/main/java/org/apache/calcite/rel/mutable/MutableSample.java,2,2,0,0,0
core/src/main/java/org/apache/calcite/rel/core/Aggregate.java,20,19,1,0,0
core/src/main/java/org/apache/calcite/rel/core/Uncollect.java,3,3,0,0,0
core/src/main/java/org/apache/calcite/rel/core/Project.java,15,14,1,0,0
core/src/main/java/org/apache/calcite/rel/core/Sample.java,2,2,0,0,0
core/src/main/java/org/apache/calcite/rel/core/TableSpool.java,1,1,0,0,0
core/src/main/java/org/apache/calcite/rel/core/Filter.java,5,5,0,0,0
core/src/main/java/org/apache/calcite/rel/core/TableModify.java,3,3,0,0,0
core/src/main/java/org/apache/calcite/rel/core/AggregateCall.java,18,18,0,0,0
core/src/main/java/org/apache/calcite/rel/core/CorrelationId.java,2,2,0,0,0
core/src/main/java/org/apache/calcite/rel/core/SortExchange.java,1,1,0,0,0
core/src/main/java/org/apache/calcite/rel/core/Match.java,5,5,0,0,0
core/src/main/java/org/apache/calcite/rel/core/Union.java,1,1,0,0,0
core/src/main/java/org/apache/calcite/rel/core/Sort.java,9,8,1,0,0
core/src/main/java/org/apache/calcite/rel/core/Correlate.java,1,1,0,0,0
core/src/main/java/org/apache/calcite/rel/core/Collect.java,1,1,0,0,0
core/src/main/java/org/apache/calcite/rel/core/Join.java,5,5,0,0,0
core/src/main/java/org/apache/calcite/rel/BiRel.java,3,3,0,0,0
core/src/main/java/org/apache/calcite/rel/rules/ProjectCorrelateTransposeRule.java,2,2,0,0,0
core/src/main/java/org/apache/calcite/rel/rules/JoinPushThroughJoinRule.java,3,3,0,0,0
core/src/main/java/org/apache/calcite/rel/rules/JoinPushTransitivePredicatesRule.java,5,5,0,0,0
core/src/main/java/org/apache/calcite/rel/rules/FilterAggregateTransposeRule.java,1,1,0,0,0
core/src/main/java/org/apache/calcite/rel/rules/FilterCorrelateRule.java,1,1,0,0,0
core/src/main/java/org/apache/calcite/rel/rules/AbstractMaterializedViewRule.java,39,39,0,0,0
core/src/main/java/org/apache/calcite/rel/rules/AggregateRemoveRule.java,2,2,0,0,0
core/src/main/java/org/apache/calcite/rel/rules/ProjectSetOpTransposeRule.java,1,1,0,0,0
core/src/main/java/org/apache/calcite/rel/rules/ValuesReduceRule.java,2,2,0,0,0
core/src/main/java/org/apache/calcite/rel/rules/JoinCommuteRule.java,6,6,0,0,0
core/src/main/java/org/apache/calcite/rel/rules/SemiJoinRule.java,2,2,0,0,0
core/src/main/java/org/apache/calcite/rel/rules/JoinAddRedundantSemiJoinRule.java,1,1,0,0,0
core/src/main/java/org/apache/calcite/rel/rules/SortJoinCopyRule.java,1,1,0,0,0
core/src/main/java/org/apache/calcite/rel/rules/AggregateJoinTransposeRule.java,9,9,0,0,0
core/src/main/java/org/apache/calcite/rel/rules/ProjectToWindowRule.java,8,8,0,0,0
core/src/main/java/org/apache/calcite/rel/rules/CoerceInputsRule.java,2,2,0,0,0
core/src/main/java/org/apache/calcite/rel/rules/DateRangeRules.java,17,16,1,0,0
core/src/main/java/org/apache/calcite/rel/rules/SubQueryRemoveRule.java,12,12,0,0,0
core/src/main/java/org/apache/calcite/rel/rules/SortUnionTransposeRule.java,1,1,0,0,0
core/src/main/java/org/apache/calcite/rel/rules/ProjectJoinRemoveRule.java,2,2,0,0,0
core/src/main/java/org/apache/calcite/rel/rules/CalcRelSplitter.java,21,21,0,0,0
core/src/main/java/org/apache/calcite/rel/rules/UnionMergeRule.java,1,1,0,0,0
core/src/main/java/org/apache/calcite/rel/rules/MultiJoinProjectTransposeRule.java,1,1,0,0,0
core/src/main/java/org/apache/calcite/rel/rules/ReduceDecimalsRule.java,15,14,1,0,0
core/src/main/java/org/apache/calcite/rel/rules/SortProjectTransposeRule.java,4,4,0,0,0
core/src/main/java/org/apache/calcite/rel/rules/FilterMergeRule.java,1,1,0,0,0
core/src/main/java/org/apache/calcite/rel/rules/JoinToCorrelateRule.java,3,3,0,0,0
core/src/main/java/org/apache/calcite/rel/rules/ProjectJoinJoinRemoveRule.java,2,2,0,0,0
core/src/main/java/org/apache/calcite/rel/rules/MultiJoinOptimizeBushyRule.java,5,5,0,0,0
core/src/main/java/org/apache/calcite/rel/rules/JoinAssociateRule.java,3,3,0,0,0
core/src/main/java/org/apache/calcite/rel/rules/LoptMultiJoin.java,6,6,0,0,0
core/src/main/java/org/apache/calcite/rel/rules/UnionToDistinctRule.java,1,1,0,0,0
core/src/main/java/org/apache/calcite/rel/rules/AggregateCaseToFilterRule.java,1,1,0,0,0
core/src/main/java/org/apache/calcite/rel/rules/AggregateFilterTransposeRule.java,1,1,0,0,0
core/src/main/java/org/apache/calcite/rel/rules/JoinPushExpressionsRule.java,1,1,0,0,0
core/src/main/java/org/apache/calcite/rel/metadata/RelMdPredicates.java,10,9,1,0,0
core/src/main/java/org/apache/calcite/rel/metadata/RelMdCollation.java,23,23,0,0,0
core/src/main/java/org/apache/calcite/rel/metadata/RelMdAllPredicates.java,5,5,0,0,0
core/src/main/java/org/apache/calcite/rel/metadata/MetadataFactoryImpl.java,1,1,0,0,0
core/src/main/java/org/apache/calcite/rel/metadata/RelMdColumnOrigins.java,10,10,0,0,0
core/src/main/java/org/apache/calcite/rel/metadata/RelMdPopulationSize.java,1,1,0,0,0
core/src/main/java/org/apache/calcite/rel/metadata/BuiltInMetadata.java,24,24,0,0,0
core/src/main/java/org/apache/calcite/rel/metadata/RelMdDistribution.java,5,5,0,0,0
core/src/main/java/org/apache/calcite/rel/metadata/RelMdExpressionLineage.java,17,17,0,0,0
core/src/main/java/org/apache/calcite/rel/metadata/RelMdDistinctRowCount.java,5,5,0,0,0
core/src/main/java/org/apache/calcite/rel/metadata/RelMdTableReferences.java,6,6,0,0,0
core/src/main/java/org/apache/calcite/rel/metadata/ChainedRelMetadataProvider.java,1,1,0,0,0
core/src/main/java/org/apache/calcite/rel/metadata/RelMetadataQuery.java,3,3,0,0,0
core/src/main/java/org/apache/calcite/rel/metadata/RelMdSelectivity.java,4,3,1,0,0
core/src/main/java/org/apache/calcite/rel/metadata/CachingRelMetadataProvider.java,1,1,0,0,0
core/src/main/java/org/apache/calcite/rel/logical/LogicalWindow.java,5,5,0,0,0
core/src/main/java/org/apache/calcite/rel/logical/LogicalTableModify.java,2,2,0,0,0
core/src/main/java/org/apache/calcite/rel/logical/LogicalCalc.java,1,1,0,0,0
core/src/main/java/org/apache/calcite/rel/logical/LogicalMatch.java,2,2,0,0,0
core/src/main/java/org/apache/calcite/rel/logical/LogicalTableFunctionScan.java,3,3,0,0,0
core/src/main/java/org/apache/calcite/rel/logical/LogicalFilter.java,3,3,0,0,0
core/src/main/java/org/apache/calcite/rel/logical/ToLogicalConverter.java,1,1,0,0,0
core/src/main/java/org/apache/calcite/rel/logical/LogicalJoin.java,11,11,0,0,0
core/src/main/java/org/apache/calcite/rel/externalize/RelWriterImpl.java,8,8,0,0,0
core/src/main/java/org/apache/calcite/rel/externalize/RelJsonReader.java,6,6,0,0,0
core/src/main/java/org/apache/calcite/rel/externalize/RelJsonWriter.java,2,2,0,0,0
core/src/main/java/org/apache/calcite/rel/stream/StreamRules.java,1,1,0,0,0
core/src/main/java/org/apache/calcite/rel/convert/NoneConverter.java,1,1,0,0,0
core/src/main/java/org/apache/calcite/rel/convert/ConverterRule.java,9,9,0,0,0
core/src/main/java/org/apache/calcite/rel/rel2sql/RelToSqlConverter.java,8,8,0,0,0
core/src/main/java/org/apache/calcite/rel/rel2sql/SqlImplementor.java,31,31,0,0,0
core/src/main/java/org/apache/calcite/rel/RelCollationImpl.java,11,10,1,0,0
core/src/main/java/org/apache/calcite/rel/RelFieldCollation.java,1,1,0,0,0
core/src/main/java/org/apache/calcite/rel/SingleRel.java,3,3,0,0,0
core/src/main/java/org/apache/calcite/rel/RelInput.java,1,1,0,0,0
core/src/main/java/org/apache/calcite/rel/RelNode.java,2,2,0,0,0
core/src/main/java/org/apache/calcite/plan/volcano/RelSet.java,3,3,0,0,0
core/src/main/java/org/apache/calcite/plan/volcano/VolcanoRuleMatch.java,3,3,0,0,0
core/src/main/java/org/apache/calcite/plan/volcano/VolcanoPlanner.java,43,42,1,0,0
core/src/main/java/org/apache/calcite/plan/RelOptSchema.java,1,1,0,0,0
core/src/main/java/org/apache/calcite/plan/volcano/RuleQueue.java,5,5,0,0,0
core/src/main/java/org/apache/calcite/plan/volcano/VolcanoRuleCall.java,7,7,0,0,0
core/src/main/java/org/apache/calcite/plan/volcano/package-info.java,0,0,0,0,0
core/src/main/java/org/apache/calcite/plan/volcano/RelSubset.java,9,9,0,0,0
core/src/main/java/org/apache/calcite/plan/volcano/VolcanoRelMetadataProvider.java,1,1,0,0,0
core/src/main/java/org/apache/calcite/plan/RelOptCost.java,1,0,1,0,0
core/src/main/java/org/apache/calcite/plan/hep/HepPlanner.java,14,14,0,0,0
core/src/main/java/org/apache/calcite/plan/hep/HepInstruction.java,9,9,0,0,0
core/src/main/java/org/apache/calcite/plan/RelOptMaterializations.java,3,3,0,0,0
core/src/main/java/org/apache/calcite/plan/RelOptUtil.java,90,89,1,0,0
core/src/main/java/org/apache/calcite/plan/RelOptRule.java,12,12,0,0,0
core/src/main/java/org/apache/calcite/plan/Strong.java,3,3,0,0,0
core/src/main/java/org/apache/calcite/plan/RelCompositeTrait.java,1,1,0,0,0
core/src/main/java/org/apache/calcite/plan/RexImplicationChecker.java,18,18,0,0,0
core/src/main/java/org/apache/calcite/plan/RelTraitPropagationVisitor.java,2,2,0,0,0
core/src/main/java/org/apache/calcite/plan/RelOptMaterialization.java,6,6,0,0,0
core/src/main/java/org/apache/calcite/plan/RelTraitDef.java,1,1,0,0,0
core/src/main/java/org/apache/calcite/plan/RelOptListener.java,3,3,0,0,0
core/src/main/java/org/apache/calcite/plan/Convention.java,2,2,0,0,0
core/src/main/java/org/apache/calcite/plan/SubstitutionVisitor.java,41,41,0,0,0
core/src/main/java/org/apache/calcite/plan/ConventionTraitDef.java,4,4,0,0,0
core/src/main/java/org/apache/calcite/schema/impl/ModifiableViewTable.java,6,6,0,0,0
core/src/main/java/org/apache/calcite/schema/impl/TableMacroImpl.java,3,3,0,0,0
core/src/main/java/org/apache/calcite/schema/impl/AbstractSchema.java,1,1,0,0,0
core/src/main/java/org/apache/calcite/schema/impl/ScalarFunctionImpl.java,3,3,0,0,0
core/src/main/java/org/apache/calcite/schema/Schemas.java,5,4,1,0,0
core/src/main/java/org/apache/calcite/util/BlackholeMap.java,3,3,0,0,0
core/src/main/java/org/apache/calcite/util/XmlOutput.java,9,9,0,0,0
core/src/main/java/org/apache/calcite/util/TimestampWithTimeZoneString.java,1,1,0,0,0
core/src/main/java/org/apache/calcite/util/TimeString.java,7,7,0,0,0
core/src/main/java/org/apache/calcite/util/graph/Graphs.java,2,2,0,0,0
core/src/main/java/org/apache/calcite/util/graph/DefaultDirectedGraph.java,2,1,0,1,0
core/src/main/java/org/apache/calcite/util/ImmutableNullableList.java,5,5,0,0,0
core/src/main/java/org/apache/calcite/util/IntList.java,1,1,0,0,0
core/src/main/java/org/apache/calcite/util/IntegerIntervalSet.java,1,1,0,0,0
core/src/main/java/org/apache/calcite/util/mapping/AbstractTargetMapping.java,5,4,1,0,0
core/src/main/java/org/apache/calcite/util/trace/CalciteLogger.java,1,1,0,0,0
core/src/main/java/org/apache/calcite/util/trace/CalciteTimingTracer.java,1,1,0,0,0
core/src/main/java/org/apache/calcite/util/BitString.java,4,4,0,0,0
core/src/main/java/org/apache/calcite/util/CompositeList.java,4,4,0,0,0
core/src/main/java/org/apache/calcite/util/Util.java,54,51,2,0,1
core/src/main/java/org/apache/calcite/util/ImmutableBitSet.java,11,10,1,0,0
core/src/main/java/org/apache/calcite/util/Sources.java,5,5,0,0,0
core/src/main/java/org/apache/calcite/util/Bug.java,1,1,0,0,0
core/src/main/java/org/apache/calcite/util/Permutation.java,6,5,1,0,0
core/src/main/java/org/apache/calcite/util/JsonBuilder.java,1,1,0,0,0
core/src/main/java/org/apache/calcite/util/Filterator.java,2,1,1,0,0
core/src/main/java/org/apache/calcite/util/UnmodifiableArrayList.java,1,1,0,0,0
core/src/main/java/org/apache/calcite/util/PrecedenceClimbingParser.java,2,2,0,0,0
core/src/main/java/org/apache/calcite/util/NameMap.java,1,1,0,0,0
core/src/main/java/org/apache/calcite/util/ConversionUtil.java,5,5,0,0,0
core/src/main/java/org/apache/calcite/util/ReflectiveVisitDispatcher.java,0,0,0,0,0
core/src/main/java/org/apache/calcite/util/NameSet.java,1,1,0,0,0
core/src/main/java/org/apache/calcite/util/PartiallyOrderedSet.java,36,36,0,0,0
core/src/main/java/org/apache/calcite/util/SerializableCharset.java,1,0,0,0,1
core/src/main/java/org/apache/calcite/rex/RexFieldAccess.java,1,1,0,0,0
core/src/main/java/org/apache/calcite/rex/RexShuttle.java,1,1,0,0,0
core/src/main/java/org/apache/calcite/rex/RexInterpreter.java,19,14,5,0,0
core/src/main/java/org/apache/calcite/rex/RexExecutable.java,2,2,0,0,0
core/src/main/java/org/apache/calcite/rex/RexUtil.java,69,69,0,0,0
core/src/main/java/org/apache/calcite/rex/RexPatternFieldRef.java,1,1,0,0,0
core/src/main/java/org/apache/calcite/rex/RexPattern.java,1,1,0,0,0
core/src/main/java/org/apache/calcite/rex/RexExecutorImpl.java,4,4,0,0,0
core/src/main/java/org/apache/calcite/rex/RexLiteral.java,13,12,0,0,1
core/src/main/java/org/apache/calcite/rex/RexProgram.java,22,21,1,0,0
core/src/main/java/org/apache/calcite/rex/RexDynamicParam.java,1,1,0,0,0
core/src/main/java/org/apache/calcite/rex/RexWindowBound.java,4,3,1,0,0
core/src/main/java/org/apache/calcite/rex/RexVariable.java,1,1,0,0,0
core/src/main/java/org/apache/calcite/rex/RexSimplify.java,72,71,1,0,0
core/src/main/java/org/apache/calcite/adapter/enumerable/EnumerableSort.java,1,1,0,0,0
core/src/main/java/org/apache/calcite/adapter/enumerable/EnumUtils.java,3,3,0,0,0
core/src/main/java/org/apache/calcite/adapter/enumerable/EnumerableMergeJoin.java,7,7,0,0,0
core/src/main/java/org/apache/calcite/adapter/enumerable/impl/WinAggResetContextImpl.java,1,1,0,0,0
core/src/main/java/org/apache/calcite/adapter/enumerable/StrictWinAggImplementor.java,4,4,0,0,0
core/src/main/java/org/apache/calcite/adapter/enumerable/JavaRelImplementor.java,1,1,0,0,0
core/src/main/java/org/apache/calcite/adapter/enumerable/RexToLixTranslator.java,40,37,2,1,0
core/src/main/java/org/apache/calcite/adapter/enumerable/EnumerableWindow.java,43,42,1,0,0
core/src/main/java/org/apache/calcite/adapter/enumerable/EnumerableValues.java,2,2,0,0,0
core/src/main/java/org/apache/calcite/adapter/enumerable/AggregateLambdaFactory.java,5,5,0,0,0
core/src/main/java/org/apache/calcite/adapter/enumerable/EnumerableCalc.java,4,4,0,0,0
core/src/main/java/org/apache/calcite/adapter/enumerable/EnumerableMinus.java,1,1,0,0,0
core/src/main/java/org/apache/calcite/adapter/enumerable/EnumerableTableFunctionScanRule.java,1,1,0,0,0
core/src/main/java/org/apache/calcite/adapter/enumerable/EnumerableCollect.java,5,5,0,0,0
core/src/main/java/org/apache/calcite/adapter/enumerable/EnumerableTableScanRule.java,1,1,0,0,0
core/src/main/java/org/apache/calcite/adapter/enumerable/JavaRowFormat.java,4,4,0,0,0
core/src/main/java/org/apache/calcite/adapter/enumerable/RexImpTable.java,63,63,0,0,0
core/src/main/java/org/apache/calcite/adapter/enumerable/EnumerableConvention.java,2,2,0,0,0
core/src/main/java/org/apache/calcite/adapter/enumerable/EnumerableBatchNestedLoopJoinRule.java,1,1,0,0,0
core/src/main/java/org/apache/calcite/adapter/enumerable/EnumerableTableScan.java,4,4,0,0,0
core/src/main/java/org/apache/calcite/adapter/enumerable/EnumerableFilterRule.java,1,1,0,0,0
core/src/main/java/org/apache/calcite/adapter/enumerable/SourceSorter.java,3,3,0,0,0
core/src/main/java/org/apache/calcite/adapter/enumerable/EnumerableIntersect.java,1,1,0,0,0
core/src/main/java/org/apache/calcite/adapter/enumerable/AggImpState.java,4,0,0,4,0
core/src/main/java/org/apache/calcite/adapter/enumerable/EnumerableMergeJoinRule.java,1,1,0,0,0
core/src/main/java/org/apache/calcite/adapter/enumerable/BasicAggregateLambdaFactory.java,4,4,0,0,0
core/src/main/java/org/apache/calcite/adapter/enumerable/EnumerableUncollect.java,4,4,0,0,0
core/src/main/java/org/apache/calcite/adapter/enumerable/BasicLazyAccumulator.java,2,2,0,0,0
core/src/main/java/org/apache/calcite/adapter/enumerable/EnumerableNestedLoopJoin.java,2,2,0,0,0
core/src/main/java/org/apache/calcite/adapter/enumerable/EnumerableAggregate.java,25,25,0,0,0
core/src/main/java/org/apache/calcite/adapter/jdbc/JdbcUtils.java,4,4,0,0,0
core/src/main/java/org/apache/calcite/adapter/clone/ArrayTable.java,9,9,0,0,0
core/src/main/java/org/apache/calcite/sql2rel/SqlToRelConverter.java,100,99,0,1,0
core/src/main/java/org/apache/calcite/adapter/java/ReflectiveSchema.java,12,12,0,0,0
core/src/main/java/org/apache/calcite/sql2rel/NullInitializerExpressionFactory.java,1,1,0,0,0
core/src/main/java/org/apache/calcite/sql2rel/SqlNodeToRexConverterImpl.java,2,2,0,0,0
core/src/main/java/org/apache/calcite/sql2rel/RelDecorrelator.java,42,42,0,0,0
core/src/main/java/org/apache/calcite/runtime/GeoFunctions.java,62,62,0,0,0
core/src/main/java/org/apache/calcite/runtime/CalciteContextException.java,6,6,0,0,0
core/src/main/java/org/apache/calcite/runtime/SqlFunctions.java,39,30,5,0,4
core/src/main/java/org/apache/calcite/runtime/Matcher.java,7,7,0,0,0
core/src/main/java/org/apache/calcite/runtime/SocketFactoryImpl.java,3,1,0,0,2
core/src/main/java/org/apache/calcite/runtime/RandomFunction.java,5,1,0,0,4
core/src/main/java/org/apache/calcite/runtime/Hook.java,5,5,0,0,0
core/src/main/java/org/apache/calcite/runtime/JsonFunctions.java,8,7,0,0,1
core/src/main/java/org/apache/calcite/runtime/BinarySearch.java,2,2,0,0,0
core/src/main/java/org/apache/calcite/runtime/HttpUtils.java,2,1,0,1,0
core/src/main/java/org/apache/calcite/runtime/AutomatonBuilder.java,1,1,0,0,0
core/src/main/java/org/apache/calcite/config/CalciteConnectionProperty.java,2,2,0,0,0
core/src/main/java/org/apache/calcite/config/CalciteSystemProperty.java,2,2,0,0,0
core/src/main/java/org/apache/calcite/interpreter/Nodes.java,1,1,0,0,0
core/src/main/java/org/apache/calcite/interpreter/Bindables.java,7,7,0,0,0
core/src/main/java/org/apache/calcite/interpreter/TableScanNode.java,3,3,0,0,0
core/src/main/java/org/apache/calcite/interpreter/BindableConvention.java,2,2,0,0,0
core/src/main/java/org/apache/calcite/interpreter/Interpreter.java,15,11,3,1,0
core/src/main/java/org/apache/calcite/interpreter/JaninoRexCompiler.java,9,9,0,0,0
core/src/main/java/org/apache/calcite/interpreter/SortNode.java,3,3,0,0,0
core/src/main/java/org/apache/calcite/interpreter/Sink.java,1,1,0,0,0
core/src/main/java/org/apache/calcite/interpreter/Context.java,1,0,0,1,0
core/src/main/java/org/apache/calcite/interpreter/ValuesNode.java,1,1,0,0,0
core/src/main/java/org/apache/calcite/jdbc/CalciteConnectionImpl.java,13,10,2,0,1
core/src/main/java/org/apache/calcite/jdbc/CalciteJdbc41Factory.java,18,18,0,0,0
core/src/main/java/org/apache/calcite/jdbc/CalciteRootSchema.java,1,1,0,0,0
core/src/main/java/org/apache/calcite/jdbc/CachingCalciteSchema.java,3,2,1,0,0
core/src/main/java/org/apache/calcite/jdbc/CalciteMetaImpl.java,29,28,1,0,0
core/src/main/java/org/apache/calcite/jdbc/Driver.java,4,4,0,0,0
core/src/main/java/org/apache/calcite/jdbc/CalciteSchema.java,10,7,3,0,0
core/src/main/java/org/apache/calcite/materialize/MaterializationService.java,5,4,1,0,0
core/src/main/java/org/apache/calcite/jdbc/SimpleCalciteSchema.java,1,1,0,0,0
core/src/main/java/org/apache/calcite/tools/RelBuilder.java,41,40,1,0,0
core/src/main/java/org/apache/calcite/tools/RelRunners.java,2,1,0,1,0
core/src/main/java/org/apache/calcite/materialize/Lattice.java,29,29,0,0,0
core/src/main/java/org/apache/calcite/model/JsonCustomTable.java,2,0,0,2,0
core/src/main/java/org/apache/calcite/materialize/LatticeSuggester.java,6,6,0,0,0
core/src/main/java/org/apache/calcite/materialize/Step.java,1,1,0,0,0
core/src/main/java/org/apache/calcite/materialize/SqlLatticeStatisticProvider.java,1,1,0,0,0
core/src/main/java/org/apache/calcite/materialize/CachingLatticeStatisticProvider.java,1,1,0,0,0
core/src/main/java/org/apache/calcite/model/JsonColumn.java,1,0,0,1,0
core/src/main/java/org/apache/calcite/model/JsonType.java,2,0,0,2,0
core/src/main/java/org/apache/calcite/model/JsonCustomSchema.java,3,1,0,2,0
core/src/main/java/org/apache/calcite/model/JsonView.java,3,0,0,3,0
core/src/main/java/org/apache/calcite/model/JsonMeasure.java,2,0,0,2,0
core/src/main/java/org/apache/calcite/model/JsonFunction.java,4,0,0,4,0
core/src/main/java/org/apache/calcite/model/JsonSchema.java,4,0,0,4,0
core/src/main/java/org/apache/calcite/model/ModelHandler.java,25,23,2,0,0
core/src/main/java/org/apache/calcite/statistic/MapSqlStatisticProvider.java,2,2,0,0,0
core/src/main/java/org/apache/calcite/prepare/QueryableRelBuilder.java,51,51,0,0,0
core/src/main/java/org/apache/calcite/prepare/CalcitePrepareImpl.java,30,29,0,1,0
core/src/main/java/org/apache/calcite/prepare/RelOptTableImpl.java,9,9,0,0,0
core/src/main/java/org/apache/calcite/prepare/LixToRelTranslator.java,1,1,0,0,0
core/src/main/java/org/apache/calcite/Demo.java,1,1,0,0,0
elasticsearch/src/main/java/org/apache/calcite/adapter/elasticsearch/ElasticsearchSchemaFactory.java,3,3,0,0,0
elasticsearch/src/main/java/org/apache/calcite/adapter/elasticsearch/ElasticsearchSearchResult.java,1,1,0,0,0
elasticsearch/src/main/java/org/apache/calcite/adapter/elasticsearch/ElasticsearchAggregate.java,1,1,0,0,0
elasticsearch/src/main/java/org/apache/calcite/adapter/elasticsearch/ElasticsearchFilter.java,2,1,1,0,0
elasticsearch/src/main/java/org/apache/calcite/adapter/elasticsearch/ElasticsearchMapping.java,1,1,0,0,0
elasticsearch/src/main/java/org/apache/calcite/adapter/elasticsearch/ElasticsearchJson.java,5,5,0,0,0
elasticsearch/src/main/java/org/apache/calcite/adapter/elasticsearch/QueryBuilders.java,6,6,0,0,0
cassandra/src/main/java/org/apache/calcite/adapter/cassandra/CassandraRel.java,2,2,0,0,0
cassandra/src/main/java/org/apache/calcite/adapter/cassandra/CassandraFilter.java,4,4,0,0,0
cassandra/src/main/java/org/apache/calcite/adapter/cassandra/CassandraRules.java,11,10,0,1,0
cassandra/src/main/java/org/apache/calcite/adapter/cassandra/CassandraProject.java,1,1,0,0,0
cassandra/src/main/java/org/apache/calcite/adapter/cassandra/CassandraSort.java,2,2,0,0,0
cassandra/src/main/java/org/apache/calcite/adapter/cassandra/CassandraLimit.java,2,2,0,0,0
cassandra/src/main/java/org/apache/calcite/adapter/cassandra/CassandraSchemaFactory.java,2,2,0,0,0
cassandra/src/main/java/org/apache/calcite/adapter/cassandra/CassandraToEnumerableConverter.java,2,2,0,0,0
piglet/src/main/java/org/apache/calcite/piglet/Ast.java,7,7,0,0,0
piglet/src/main/java/org/apache/calcite/piglet/PigRelExVisitor.java,3,3,0,0,0
piglet/src/main/java/org/apache/calcite/piglet/PigRelOpInnerVisitor.java,4,4,0,0,0
piglet/src/main/java/org/apache/calcite/piglet/PigTypes.java,4,4,0,0,0
piglet/src/main/java/org/apache/calcite/piglet/PigRelSqlUdfs.java,1,1,0,0,0
piglet/src/main/java/org/apache/calcite/piglet/PigToSqlAggregateRule.java,2,2,0,0,0
geode/src/main/java/org/apache/calcite/adapter/geode/simple/GeodeSimpleSchemaFactory.java,3,3,0,0,0
geode/src/main/java/org/apache/calcite/adapter/geode/simple/GeodeSimpleSchema.java,3,3,0,0,0
geode/src/main/java/org/apache/calcite/adapter/geode/rel/GeodeFilter.java,6,6,0,0,0
geode/src/main/java/org/apache/calcite/adapter/geode/rel/GeodeRules.java,7,7,0,0,0
geode/src/main/java/org/apache/calcite/adapter/geode/rel/GeodeSchemaFactory.java,2,2,0,0,0
geode/src/main/java/org/apache/calcite/adapter/geode/util/JavaTypeFactoryExtImpl.java,2,2,0,0,0
linq4j/src/main/java/org/apache/calcite/linq4j/tree/ConstructorDeclaration.java,6,6,0,0,0
linq4j/src/main/java/org/apache/calcite/linq4j/tree/FieldDeclaration.java,3,3,0,0,0
linq4j/src/main/java/org/apache/calcite/linq4j/tree/IndexExpression.java,6,6,0,0,0
linq4j/src/main/java/org/apache/calcite/linq4j/tree/ExpressionType.java,90,90,0,0,0
linq4j/src/main/java/org/apache/calcite/linq4j/tree/UnaryExpression.java,5,5,0,0,0
linq4j/src/main/java/org/apache/calcite/linq4j/tree/MemberBinding.java,1,1,0,0,0
linq4j/src/main/java/org/apache/calcite/linq4j/tree/DeclarationStatement.java,5,5,0,0,0
linq4j/src/main/java/org/apache/calcite/linq4j/tree/TryStatement.java,1,1,0,0,0
linq4j/src/main/java/org/apache/calcite/linq4j/tree/FunctionExpression.java,11,11,0,0,0
linq4j/src/main/java/org/apache/calcite/linq4j/tree/NewExpression.java,4,4,0,0,0
linq4j/src/main/java/org/apache/calcite/linq4j/tree/VisitorImpl.java,36,36,0,0,0
linq4j/src/main/java/org/apache/calcite/linq4j/tree/ParameterExpression.java,3,3,0,0,0
linq4j/src/main/java/org/apache/calcite/linq4j/tree/TernaryExpression.java,5,5,0,0,0
linq4j/src/main/java/org/apache/calcite/linq4j/tree/Expressions.java,76,70,6,0,0
linq4j/src/main/java/org/apache/calcite/linq4j/tree/BlockBuilder.java,10,10,0,0,0
linq4j/src/main/java/org/apache/calcite/linq4j/tree/AbstractNode.java,4,4,0,0,0
linq4j/src/main/java/org/apache/calcite/linq4j/tree/ConditionalExpression.java,2,2,0,0,0
linq4j/src/main/java/org/apache/calcite/linq4j/tree/SwitchCase.java,1,1,0,0,0
linq4j/src/main/java/org/apache/calcite/linq4j/tree/WhileStatement.java,3,3,0,0,0
linq4j/src/main/java/org/apache/calcite/linq4j/tree/Primitive.java,10,10,0,0,0
linq4j/src/main/java/org/apache/calcite/linq4j/tree/ForStatement.java,3,3,0,0,0
linq4j/src/main/java/org/apache/calcite/linq4j/tree/ConditionalStatement.java,2,2,0,0,0
linq4j/src/main/java/org/apache/calcite/linq4j/tree/ConstantExpression.java,5,5,0,0,0
linq4j/src/main/java/org/apache/calcite/linq4j/tree/LabelTarget.java,1,1,0,0,0
linq4j/src/main/java/org/apache/calcite/linq4j/tree/LabelStatement.java,1,1,0,0,0
linq4j/src/main/java/org/apache/calcite/linq4j/tree/Evaluator.java,1,1,0,0,0
linq4j/src/main/java/org/apache/calcite/linq4j/function/Predicate2.java,1,1,0,0,0
linq4j/src/main/java/org/apache/calcite/linq4j/function/EqualityComparer.java,1,0,1,0,0
linq4j/src/main/java/org/apache/calcite/linq4j/function/Function1.java,1,1,0,0,0
linq4j/src/main/java/org/apache/calcite/linq4j/ModularInteger.java,1,1,0,0,0
linq4j/src/main/java/org/apache/calcite/linq4j/ExtendedEnumerable.java,75,75,0,0,0
linq4j/src/main/java/org/apache/calcite/linq4j/EnumerableDefaults.java,361,352,9,0,0
ubenchmark/src/main/java/org/apache/calcite/benchmarks/ParserBenchmark.java,5,3,1,0,1
plus/src/main/java/org/apache/calcite/adapter/os/SqlShell.java,15,12,0,1,2
linq4j/src/main/java/org/apache/calcite/linq4j/DefaultQueryable.java,51,51,0,0,0
linq4j/src/main/java/org/apache/calcite/linq4j/Ord.java,5,4,1,0,0
linq4j/src/main/java/org/apache/calcite/linq4j/BaseQueryable.java,1,1,0,0,0
linq4j/src/main/java/org/apache/calcite/linq4j/EnumerableOrderedQueryable.java,4,4,0,0,0
linq4j/src/main/java/org/apache/calcite/linq4j/ExtendedQueryable.java,48,48,0,0,0
linq4j/src/main/java/org/apache/calcite/linq4j/QueryableDefaults.java,61,61,0,0,0
linq4j/src/main/java/org/apache/calcite/linq4j/EnumerableQueryable.java,49,49,0,0,0
linq4j/src/main/java/org/apache/calcite/linq4j/QueryableRecorder.java,152,152,0,0,0
ubenchmark/src/main/java/org/apache/calcite/benchmarks/FlightRecorderProfiler.java,1,1,0,0,0
ubenchmark/src/main/java/org/apache/calcite/benchmarks/StringConstructBenchmark.java,1,0,0,1,0
ubenchmark/src/main/java/org/apache/calcite/benchmarks/StatementTest.java,5,3,0,0,2
plus/src/main/java/org/apache/calcite/chinook/ChosenCustomerEmail.java,1,1,0,0,0
plus/src/main/java/org/apache/calcite/chinook/ConnectionFactory.java,3,2,0,1,0
plus/src/main/java/org/apache/calcite/chinook/PreferredGenresTableFactory.java,1,1,0,0,0
plus/src/main/java/org/apache/calcite/adapter/tpch/TpchSchemaFactory.java,2,2,0,0,0
plus/src/main/java/org/apache/calcite/adapter/os/VmstatTableFunction.java,8,8,0,0,0
druid/src/main/java/org/apache/calcite/adapter/druid/UnaryPrefixOperatorConversion.java,1,1,0,0,0
druid/src/main/java/org/apache/calcite/adapter/druid/DruidRules.java,3,3,0,0,0
druid/src/main/java/org/apache/calcite/adapter/druid/DruidJsonFilter.java,7,5,2,0,0
druid/src/main/java/org/apache/calcite/adapter/druid/DruidQuery.java,52,47,5,0,0
druid/src/main/java/org/apache/calcite/adapter/druid/DruidDateTimeUtils.java,27,26,1,0,0
druid/src/main/java/org/apache/calcite/adapter/druid/BinaryOperatorConversion.java,1,1,0,0,0
druid/src/main/java/org/apache/calcite/adapter/druid/DruidConnectionImpl.java,64,47,3,14,0
druid/src/main/java/org/apache/calcite/adapter/druid/DruidExpressions.java,2,2,0,0,0
server/src/main/java/org/apache/calcite/sql/ddl/SqlCreateMaterializedView.java,1,1,0,0,0
server/src/main/java/org/apache/calcite/sql/ddl/SqlDropTable.java,1,1,0,0,0
server/src/main/java/org/apache/calcite/sql/ddl/SqlDropType.java,1,1,0,0,0
server/src/main/java/org/apache/calcite/sql/ddl/SqlCreateTable.java,7,7,0,0,0
mongodb/src/main/java/org/apache/calcite/adapter/mongodb/MongoTable.java,4,4,0,0,0
mongodb/src/main/java/org/apache/calcite/adapter/mongodb/MongoAggregate.java,5,5,0,0,0
mongodb/src/main/java/org/apache/calcite/adapter/mongodb/MongoToEnumerableConverter.java,8,8,0,0,0
mongodb/src/main/java/org/apache/calcite/adapter/mongodb/MongoSchema.java,3,1,2,0,0
mongodb/src/main/java/org/apache/calcite/adapter/mongodb/MongoTableScan.java,2,2,0,0,0
mongodb/src/main/java/org/apache/calcite/adapter/mongodb/MongoEnumerator.java,5,5,0,0,0
mongodb/src/main/java/org/apache/calcite/adapter/mongodb/MongoRules.java,7,6,0,1,0
mongodb/src/main/java/org/apache/calcite/adapter/mongodb/MongoRel.java,2,2,0,0,0
mongodb/src/main/java/org/apache/calcite/adapter/mongodb/MongoProject.java,2,2,0,0,0
kafka/src/main/java/org/apache/calcite/adapter/kafka/KafkaTableFactory.java,3,3,0,0,0
splunk/src/main/java/org/apache/calcite/adapter/splunk/SplunkTableScan.java,2,2,0,0,0
splunk/src/main/java/org/apache/calcite/adapter/splunk/SplunkDriver.java,6,5,1,0,0
pig/src/main/java/org/apache/calcite/adapter/pig/PigRelFactories.java,1,1,0,0,0
pig/src/main/java/org/apache/calcite/adapter/pig/PigAggregate.java,3,3,0,0,0
pig/src/main/java/org/apache/calcite/adapter/pig/PigProject.java,1,1,0,0,0
pig/src/main/java/org/apache/calcite/adapter/pig/PigAggFunction.java,1,1,0,0,0
spark/src/main/java/org/apache/calcite/adapter/spark/SparkRules.java,24,22,1,0,1
spark/src/main/java/org/apache/calcite/adapter/spark/EnumerableToSparkConverter.java,3,3,0,0,0
spark/src/main/java/org/apache/calcite/adapter/spark/JdbcToSparkConverter.java,2,2,0,0,0
spark/src/main/java/org/apache/calcite/adapter/spark/SparkToEnumerableConverter.java,2,2,0,0,0
spark/src/main/java/org/apache/calcite/adapter/spark/SparkRel.java,1,1,0,0,0
file/src/main/java/org/apache/calcite/adapter/file/FileReader.java,11,10,1,0,0
file/src/main/java/org/apache/calcite/adapter/file/FileSchema.java,5,5,0,0,0
file/src/main/java/org/apache/calcite/adapter/file/FileEnumerator.java,3,3,0,0,0
file/src/main/java/org/apache/calcite/adapter/file/FileTable.java,4,4,0,0,0
pom.xml,1,1,0,0,0
core/src/main/java/org/apache/calcite/sql/type/CompositeSingleOperandTypeChecker.java,1,1,0,0,0
core/src/main/java/org/apache/calcite/sql/type/MapSqlType.java,6,6,0,0,0
core/src/main/java/org/apache/calcite/sql/type/SqlTypeName.java,16,12,0,4,0
core/src/main/java/org/apache/calcite/sql/type/BasicSqlType.java,5,5,0,0,0
core/src/main/java/org/apache/calcite/sql/type/SameOperandTypeExceptLastOperandChecker.java,4,4,0,0,0
core/src/main/java/org/apache/calcite/sql/type/SetopOperandTypeChecker.java,2,2,0,0,0
core/src/main/java/org/apache/calcite/sql/type/SqlTypeTransformCascade.java,2,2,0,0,0
core/src/main/java/org/apache/calcite/sql/type/ArraySqlType.java,5,5,0,0,0
core/src/main/java/org/apache/calcite/sql/type/SqlTypeExplicitPrecedenceList.java,2,2,0,0,0
core/src/main/java/org/apache/calcite/sql/fun/SqlCastFunction.java,10,10,0,0,0
core/src/main/java/org/apache/calcite/sql/fun/SqlBetweenOperator.java,6,6,0,0,0
core/src/main/java/org/apache/calcite/sql/fun/SqlDatetimePlusOperator.java,2,2,0,0,0
core/src/main/java/org/apache/calcite/sql/fun/SqlOverlapsOperator.java,4,4,0,0,0
core/src/main/java/org/apache/calcite/sql/fun/SqlPosixRegexOperator.java,5,5,0,0,0
core/src/main/java/org/apache/calcite/sql/fun/SqlLibraryOperators.java,1,1,0,0,0
core/src/main/java/org/apache/calcite/sql/fun/SqlOverlayFunction.java,5,5,0,0,0
core/src/main/java/org/apache/calcite/sql/fun/SqlDotOperator.java,5,5,0,0,0
core/src/main/java/org/apache/calcite/sql/fun/SqlCollectionTableOperator.java,1,1,0,0,0
core/src/main/java/org/apache/calcite/sql/fun/SqlSumAggFunction.java,11,11,0,0,0
core/src/main/java/org/apache/calcite/sql/fun/SqlCountAggFunction.java,6,6,0,0,0
core/src/main/java/org/apache/calcite/sql/fun/SqlDatePartFunction.java,5,5,0,0,0
core/src/main/java/org/apache/calcite/sql/fun/SqlJsonValueFunction.java,3,3,0,0,0
core/src/main/java/org/apache/calcite/sql/fun/SqlJsonDepthFunction.java,1,1,0,0,0
core/src/main/java/org/apache/calcite/sql/fun/SqlSumEmptyIsZeroAggFunction.java,4,4,0,0,0
core/src/main/java/org/apache/calcite/sql/fun/SqlMultisetSetOperator.java,2,2,0,0,0
core/src/main/java/org/apache/calcite/sql/fun/SqlJsonTypeFunction.java,1,1,0,0,0
core/src/main/java/org/apache/calcite/sql/fun/SqlLiteralChainOperator.java,7,7,0,0,0
core/src/main/java/org/apache/calcite/sql/fun/SqlNullifFunction.java,1,1,0,0,0
core/src/main/java/org/apache/calcite/sql/fun/SqlColumnListConstructor.java,1,1,0,0,0
core/src/main/java/org/apache/calcite/sql/fun/SqlFloorFunction.java,1,1,0,0,0
core/src/main/java/org/apache/calcite/sql/fun/SqlRollupOperator.java,2,2,0,0,0
core/src/main/java/org/apache/calcite/sql/fun/SqlPositionFunction.java,5,5,0,0,0
core/src/main/java/org/apache/calcite/sql/fun/SqlCaseOperator.java,10,10,0,0,0
core/src/main/java/org/apache/calcite/sql/fun/SqlThrowOperator.java,1,1,0,0,0
core/src/main/java/org/apache/calcite/sql/fun/SqlJsonExistsFunction.java,1,1,0,0,0
core/src/main/java/org/apache/calcite/sql/fun/SqlMonotonicBinaryOperator.java,1,1,0,0,0
core/src/main/java/org/apache/calcite/sql/fun/SqlAbstractTimeFunction.java,4,4,0,0,0
core/src/main/java/org/apache/calcite/sql/fun/SqlRowOperator.java,5,5,0,0,0
core/src/main/java/org/apache/calcite/sql/fun/SqlHistogramAggFunction.java,11,11,0,0,0
core/src/main/java/org/apache/calcite/sql/fun/SqlCovarAggFunction.java,3,3,0,0,0
core/src/main/java/org/apache/calcite/sql/fun/SqlJsonObjectAggAggFunction.java,2,2,0,0,0
core/src/main/java/org/apache/calcite/sql/SqlMerge.java,4,4,0,0,0
core/src/main/java/org/apache/calcite/sql/dialect/HsqldbSqlDialect.java,1,1,0,0,0
core/src/main/java/org/apache/calcite/sql/dialect/BigQuerySqlDialect.java,2,2,0,0,0
core/src/main/java/org/apache/calcite/sql/dialect/MssqlSqlDialect.java,1,1,0,0,0
core/src/main/java/org/apache/calcite/sql/dialect/PostgresqlSqlDialect.java,3,3,0,0,0
core/src/main/java/org/apache/calcite/sql/validate/SqlScopedShuttle.java,1,1,0,0,0
core/src/main/java/org/apache/calcite/sql/validate/implicit/AbstractTypeCoercion.java,11,11,0,0,0
core/src/main/java/org/apache/calcite/sql/validate/implicit/TypeCoercionImpl.java,8,8,0,0,0
core/src/main/java/org/apache/calcite/sql/validate/SelectScope.java,5,5,0,0,0
core/src/main/java/org/apache/calcite/sql/validate/DelegatingScope.java,14,14,0,0,0
core/src/main/java/org/apache/calcite/sql/validate/SelectNamespace.java,1,1,0,0,0
core/src/main/java/org/apache/calcite/sql/validate/CollectScope.java,1,1,0,0,0
core/src/main/java/org/apache/calcite/sql/validate/AggVisitor.java,4,4,0,0,0
core/src/main/java/org/apache/calcite/sql/validate/FieldNamespace.java,3,3,0,0,0
core/src/main/java/org/apache/calcite/sql/validate/SqlValidatorException.java,2,2,0,0,0
core/src/main/java/org/apache/calcite/sql/validate/SqlValidatorTable.java,1,1,0,0,0
core/src/main/java/org/apache/calcite/sql/validate/ListScope.java,4,4,0,0,0
core/src/main/java/org/apache/calcite/sql/validate/MatchRecognizeScope.java,2,2,0,0,0
core/src/main/java/org/apache/calcite/sql/validate/SqlValidatorUtil.java,27,27,0,0,0
core/src/main/java/org/apache/calcite/sql/validate/JoinScope.java,2,2,0,0,0
core/src/main/java/org/apache/calcite/sql/validate/JoinNamespace.java,1,1,0,0,0
core/src/main/java/org/apache/calcite/sql/validate/SqlValidatorNamespace.java,1,1,0,0,0
core/src/main/java/org/apache/calcite/sql/validate/ParameterNamespace.java,2,2,0,0,0
core/src/main/java/org/apache/calcite/sql/validate/SqlUserDefinedAggFunction.java,6,6,0,0,0
core/src/main/java/org/apache/calcite/sql/validate/SqlUserDefinedTableMacro.java,1,1,0,0,0
core/src/main/java/org/apache/calcite/sql/validate/SqlMoniker.java,1,1,0,0,0
core/src/main/java/org/apache/calcite/sql/validate/SqlUserDefinedTableFunction.java,1,1,0,0,0
core/src/main/java/org/apache/calcite/sql/validate/TableNamespace.java,3,3,0,0,0
core/src/main/java/org/apache/calcite/sql/validate/GroupByScope.java,1,1,0,0,0
core/src/main/java/org/apache/calcite/sql/validate/ParameterScope.java,3,3,0,0,0
core/src/main/java/org/apache/calcite/sql/validate/SqlValidatorCatalogReader.java,0,0,0,0,0
core/src/main/java/org/apache/calcite/sql/validate/AggChecker.java,4,4,0,0,0
core/src/main/java/org/apache/calcite/sql/validate/SqlConformanceEnum.java,1,1,0,0,0
core/src/main/java/org/apache/calcite/sql/util/SqlShuttle.java,7,7,0,0,0
core/src/main/java/org/apache/calcite/sql/util/ListSqlOperatorTable.java,1,1,0,0,0
core/src/main/java/org/apache/calcite/sql/util/SqlString.java,2,2,0,0,0
core/src/main/java/org/apache/calcite/sql/util/SqlBuilder.java,2,2,0,0,0
core/src/main/java/org/apache/calcite/sql/pretty/SqlPrettyWriter.java,19,19,0,0,0
core/src/main/java/org/apache/calcite/sql/SqlSnapshot.java,2,2,0,0,0
core/src/main/java/org/apache/calcite/sql/parser/SqlParserPos.java,3,3,0,0,0
core/src/main/java/org/apache/calcite/sql/parser/SqlParseException.java,2,1,1,0,0
core/src/main/java/org/apache/calcite/sql/parser/SqlParser.java,8,8,0,0,0
core/src/main/java/org/apache/calcite/sql/parser/impl/package-info.java,1,1,0,0,0
core/src/main/java/org/apache/calcite/sql/SqlPrefixOperator.java,3,3,0,0,0
core/src/main/java/org/apache/calcite/sql/advise/SqlAdvisorHint.java,1,1,0,0,0
core/src/main/java/org/apache/calcite/sql/advise/SqlSimpleParser.java,34,30,4,0,0
core/src/main/java/org/apache/calcite/sql/advise/SqlAdvisorValidator.java,11,11,0,0,0
core/src/main/java/org/apache/calcite/sql/SqlCreate.java,1,1,0,0,0
core/src/main/java/org/apache/calcite/sql/ExplicitOperatorBinding.java,1,1,0,0,0
core/src/main/java/org/apache/calcite/sql/SqlNumericLiteral.java,4,4,0,0,0
core/src/main/java/org/apache/calcite/sql/SqlStateCodes.java,0,0,0,0,0
core/src/main/java/org/apache/calcite/sql/SqlSyntax.java,2,2,0,0,0
core/src/main/java/org/apache/calcite/sql/SqlExplain.java,1,1,0,0,0
core/src/main/java/org/apache/calcite/sql/SqlDelete.java,2,2,0,0,0
core/src/main/java/org/apache/calcite/sql/SqlInternalOperator.java,1,1,0,0,0
core/src/main/java/org/apache/calcite/sql/SqlNodeList.java,4,4,0,0,0
core/src/main/java/org/apache/calcite/sql/SqlDataTypeSpec.java,2,2,0,0,0
core/src/main/java/org/apache/calcite/sql/SqlDateLiteral.java,2,2,0,0,0
core/src/main/java/org/apache/calcite/sql/SqlOverOperator.java,8,8,0,0,0
core/src/main/java/org/apache/calcite/sql/SqlUpdate.java,4,4,0,0,0
core/src/main/java/org/apache/calcite/sql/SqlJdbcFunctionCall.java,10,10,0,0,0
core/src/main/java/org/apache/calcite/sql/SqlIdentifier.java,9,8,0,1,0
core/src/main/java/org/apache/calcite/sql/SqlAsOperator.java,5,5,0,0,0
core/src/main/java/org/apache/calcite/sql/SqlDrop.java,1,1,0,0,0
core/src/main/java/org/apache/calcite/rel/core/Window.java,5,5,0,0,0
core/src/main/java/org/apache/calcite/sql/SqlOrderBy.java,2,2,0,0,0
core/src/main/java/org/apache/calcite/sql/SqlLiteral.java,27,27,0,0,0
core/src/main/java/org/apache/calcite/sql/SqlJoin.java,2,2,0,0,0
core/src/main/java/org/apache/calcite/sql/SqlNullTreatmentOperator.java,4,4,0,0,0
core/src/main/java/org/apache/calcite/sql/SqlUtil.java,19,19,0,0,0
core/src/main/java/org/apache/calcite/sql/SqlPostfixOperator.java,3,3,0,0,0
core/src/main/java/org/apache/calcite/sql/SqlAggFunction.java,8,8,0,0,0
core/src/main/java/org/apache/calcite/sql/SqlSetOperator.java,2,2,0,0,0
core/src/main/java/org/apache/calcite/sql/SqlSampleSpec.java,1,1,0,0,0
core/src/main/java/org/apache/calcite/sql/SqlDialectFactoryImpl.java,5,5,0,0,0
core/src/main/java/org/apache/calcite/sql/SqlKind.java,20,6,0,14,0
core/src/main/java/org/apache/calcite/sql/SqlInsert.java,3,3,0,0,0
core/src/main/java/org/apache/calcite/sql/SqlBinaryStringLiteral.java,1,1,0,0,0
core/src/main/java/org/apache/calcite/sql/SqlCall.java,2,2,0,0,0
core/src/main/java/org/apache/calcite/rel/type/RelDataTypeSystem.java,6,6,0,0,0
core/src/main/java/org/apache/calcite/rel/type/RelRecordType.java,3,3,0,0,0
core/src/main/java/org/apache/calcite/rel/type/RelDataType.java,1,1,0,0,0
core/src/main/java/org/apache/calcite/rel/type/RelDataTypeSystemImpl.java,1,1,0,0,0
core/src/main/java/org/apache/calcite/rel/type/DynamicRecordTypeImpl.java,2,2,0,0,0
core/src/main/java/org/apache/calcite/rel/type/RelCrossType.java,3,3,0,0,0
core/src/main/java/org/apache/calcite/rel/type/RelDataTypeFactoryImpl.java,20,20,0,0,0
core/src/main/java/org/apache/calcite/rel/type/RelDataTypeField.java,0,0,0,0,0
core/src/main/java/org/apache/calcite/rel/mutable/MutableIntersect.java,3,3,0,0,0
core/src/main/java/org/apache/calcite/rel/mutable/Holder.java,2,2,0,0,0
core/src/main/java/org/apache/calcite/rel/mutable/MutableScan.java,2,2,0,0,0
core/src/main/java/org/apache/calcite/rel/mutable/MutableMatch.java,4,4,0,0,0
core/src/main/java/org/apache/calcite/rel/mutable/MutableUnion.java,3,3,0,0,0
core/src/main/java/org/apache/calcite/rel/mutable/MutableFilter.java,2,2,0,0,0
core/src/main/java/org/apache/calcite/rel/mutable/MutableSort.java,2,2,0,0,0
core/src/main/java/org/apache/calcite/rel/mutable/MutableAggregate.java,2,2,0,0,0
core/src/main/java/org/apache/calcite/rel/core/TableFunctionScan.java,4,4,0,0,0
core/src/main/java/org/apache/calcite/rel/core/RepeatUnion.java,0,0,0,0,0
core/src/main/java/org/apache/calcite/rel/core/Calc.java,5,5,0,0,0
core/src/main/java/org/apache/calcite/rel/core/Values.java,7,7,0,0,0
core/src/main/java/org/apache/calcite/rel/core/JoinInfo.java,1,1,0,0,0
core/src/main/java/org/apache/calcite/rel/core/RelFactories.java,6,6,0,0,0
core/src/main/java/org/apache/calcite/rel/core/Exchange.java,2,1,1,0,0
core/src/main/java/org/apache/calcite/rel/core/Snapshot.java,1,1,0,0,0
core/src/main/java/org/apache/calcite/rel/core/EquiJoin.java,2,2,0,0,0
core/src/main/java/org/apache/calcite/rel/core/TableScan.java,1,1,0,0,0
core/src/main/java/org/apache/calcite/rel/rules/AggregateExpandDistinctAggregatesRule.java,11,11,0,0,0
core/src/main/java/org/apache/calcite/rel/rules/FilterTableScanRule.java,3,3,0,0,0
core/src/main/java/org/apache/calcite/rel/rules/SortJoinTransposeRule.java,2,2,0,0,0
core/src/main/java/org/apache/calcite/rel/rules/ProjectMergeRule.java,4,4,0,0,0
core/src/main/java/org/apache/calcite/rel/rules/AggregateProjectPullUpConstantsRule.java,1,1,0,0,0
core/src/main/java/org/apache/calcite/rel/rules/MultiJoin.java,11,11,0,0,0
core/src/main/java/org/apache/calcite/rel/rules/PushProjector.java,17,17,0,0,0
core/src/main/java/org/apache/calcite/rel/rules/FilterTableFunctionTransposeRule.java,0,0,0,0,0
core/src/main/java/org/apache/calcite/rel/rules/FilterRemoveIsNotDistinctFromRule.java,1,1,0,0,0
core/src/main/java/org/apache/calcite/rel/rules/AggregateMergeRule.java,4,4,0,0,0
core/src/main/java/org/apache/calcite/rel/rules/ExchangeRemoveConstantKeysRule.java,3,3,0,0,0
core/src/main/java/org/apache/calcite/rel/rules/ProjectSortTransposeRule.java,1,1,0,0,0
core/src/main/java/org/apache/calcite/rel/rules/SemiJoinJoinTransposeRule.java,1,1,0,0,0
core/src/main/java/org/apache/calcite/rel/rules/MaterializedViewFilterScanRule.java,1,1,0,0,0
core/src/main/java/org/apache/calcite/rel/rules/FilterJoinRule.java,10,10,0,0,0
core/src/main/java/org/apache/calcite/rel/rules/AbstractJoinExtractFilterRule.java,1,1,0,0,0
core/src/main/java/org/apache/calcite/rel/rules/ProjectFilterTransposeRule.java,1,1,0,0,0
core/src/main/java/org/apache/calcite/rel/rules/AggregateStarTableRule.java,10,10,0,0,0
core/src/main/java/org/apache/calcite/rel/rules/ProjectWindowTransposeRule.java,2,2,0,0,0
core/src/main/java/org/apache/calcite/rel/rules/LoptOptimizeJoinRule.java,28,27,1,0,0
core/src/main/java/org/apache/calcite/rel/rules/EquiJoin.java,1,1,0,0,0
core/src/main/java/org/apache/calcite/rel/rules/ReduceExpressionsRule.java,24,24,0,0,0
core/src/main/java/org/apache/calcite/rel/rules/ProjectTableScanRule.java,2,2,0,0,0
core/src/main/java/org/apache/calcite/rel/rules/FilterSetOpTransposeRule.java,1,1,0,0,0
core/src/main/java/org/apache/calcite/rel/rules/ProjectRemoveRule.java,1,1,0,0,0
core/src/main/java/org/apache/calcite/rel/rules/JoinToMultiJoinRule.java,4,4,0,0,0
core/src/main/java/org/apache/calcite/rel/rules/PruneEmptyRules.java,7,7,0,0,0
core/src/main/java/org/apache/calcite/rel/rules/ProjectJoinTransposeRule.java,2,2,0,0,0
core/src/main/java/org/apache/calcite/rel/rules/AggregateReduceFunctionsRule.java,5,5,0,0,0
core/src/main/java/org/apache/calcite/rel/rules/AggregateUnionTransposeRule.java,2,2,0,0,0
core/src/main/java/org/apache/calcite/rel/rules/JoinProjectTransposeRule.java,4,4,0,0,0
core/src/main/java/org/apache/calcite/rel/rules/LoptSemiJoinOptimizer.java,19,19,0,0,0
core/src/main/java/org/apache/calcite/rel/rules/FilterProjectTransposeRule.java,2,2,0,0,0
core/src/main/java/org/apache/calcite/rel/rules/AggregateUnionAggregateRule.java,1,1,0,0,0
core/src/main/java/org/apache/calcite/rel/metadata/JaninoRelMetadataProvider.java,12,12,0,0,0
core/src/main/java/org/apache/calcite/rel/metadata/RelMdMemory.java,2,2,0,0,0
core/src/main/java/org/apache/calcite/rel/metadata/RelMdRowCount.java,3,2,0,1,0
core/src/main/java/org/apache/calcite/rel/metadata/RelMdParallelism.java,6,6,0,0,0
core/src/main/java/org/apache/calcite/rel/metadata/RelMdColumnUniqueness.java,21,21,0,0,0
core/src/main/java/org/apache/calcite/rel/metadata/RelMdPercentageOriginalRows.java,2,2,0,0,0
core/src/main/java/org/apache/calcite/rel/metadata/RelMdSize.java,10,9,1,0,0
core/src/main/java/org/apache/calcite/rel/metadata/RelMdUniqueKeys.java,9,9,0,0,0
core/src/main/java/org/apache/calcite/rel/metadata/RelMdMaxRowCount.java,6,6,0,0,0
core/src/main/java/org/apache/calcite/rel/metadata/ReflectiveRelMetadataProvider.java,7,7,0,0,0
core/src/main/java/org/apache/calcite/rel/metadata/RelMdExplainVisibility.java,2,2,0,0,0
core/src/main/java/org/apache/calcite/rel/metadata/RelMdUtil.java,9,8,1,0,0
core/src/main/java/org/apache/calcite/rel/metadata/RelMdMinRowCount.java,15,15,0,0,0
core/src/main/java/org/apache/calcite/rel/logical/LogicalUnion.java,2,2,0,0,0
core/src/main/java/org/apache/calcite/rel/logical/LogicalProject.java,3,3,0,0,0
core/src/main/java/org/apache/calcite/rel/logical/LogicalCorrelate.java,1,1,0,0,0
core/src/main/java/org/apache/calcite/rel/logical/LogicalMinus.java,2,2,0,0,0
core/src/main/java/org/apache/calcite/rel/logical/LogicalIntersect.java,1,1,0,0,0
core/src/main/java/org/apache/calcite/plan/RelOptRules.java,1,1,0,0,0
core/src/main/java/org/apache/calcite/rel/logical/LogicalValues.java,3,3,0,0,0
core/src/main/java/org/apache/calcite/rel/logical/LogicalTableScan.java,3,3,0,0,0
core/src/main/java/org/apache/calcite/rel/logical/LogicalAggregate.java,5,5,0,0,0
core/src/main/java/org/apache/calcite/rel/logical/LogicalRepeatUnion.java,2,2,0,0,0
core/src/main/java/org/apache/calcite/rel/externalize/RelXmlWriter.java,4,4,0,0,0
core/src/main/java/org/apache/calcite/rel/externalize/RelJson.java,27,27,0,0,0
core/src/main/java/org/apache/calcite/rel/RelCollations.java,4,3,1,0,0
core/src/main/java/org/apache/calcite/rel/RelDistributions.java,2,2,0,0,0
core/src/main/java/org/apache/calcite/rel/convert/TraitMatchingRule.java,3,3,0,0,0
core/src/main/java/org/apache/calcite/rel/convert/ConverterImpl.java,1,1,0,0,0
core/src/main/java/org/apache/calcite/rel/AbstractRelNode.java,5,5,0,0,0
core/src/main/java/org/apache/calcite/plan/volcano/AbstractConverter.java,3,3,0,0,0
core/src/main/java/org/apache/calcite/plan/volcano/VolcanoCost.java,4,4,0,0,0
core/src/main/java/org/apache/calcite/plan/hep/HepRelVertex.java,2,2,0,0,0
core/src/main/java/org/apache/calcite/plan/hep/HepProgramBuilder.java,1,1,0,0,0
core/src/main/java/org/apache/calcite/plan/RelOptCluster.java,4,4,0,0,0
core/src/main/java/org/apache/calcite/plan/RelOptNode.java,1,1,0,0,0
core/src/main/java/org/apache/calcite/plan/RelOptPlanner.java,1,1,0,0,0
core/src/main/java/org/apache/calcite/plan/RelTraitSet.java,4,4,0,0,0
core/src/main/java/org/apache/calcite/plan/ViewExpanders.java,1,1,0,0,0
core/src/main/java/org/apache/calcite/plan/Contexts.java,0,0,0,0,0
core/src/main/java/org/apache/calcite/plan/RelOptRuleOperand.java,5,2,0,3,0
core/src/main/java/org/apache/calcite/plan/MaterializedViewSubstitutionVisitor.java,11,11,0,0,0
core/src/main/java/org/apache/calcite/plan/RelOptQuery.java,4,4,0,0,0
core/src/main/java/org/apache/calcite/plan/VisitorDataContext.java,5,5,0,0,0
core/src/main/java/org/apache/calcite/plan/TableAccessMap.java,4,4,0,0,0
core/src/main/java/org/apache/calcite/plan/RelOptRuleCall.java,0,0,0,0,0
core/src/main/java/org/apache/calcite/plan/AbstractRelOptPlanner.java,1,1,0,0,0
core/src/main/java/org/apache/calcite/schema/impl/MaterializedViewTable.java,3,2,0,1,0
core/src/main/java/org/apache/calcite/schema/impl/StarTable.java,2,1,0,1,0
core/src/main/java/org/apache/calcite/schema/impl/ListTransientTable.java,2,2,0,0,0
core/src/main/java/org/apache/calcite/schema/impl/AggregateFunctionImpl.java,1,1,0,0,0
core/src/main/java/org/apache/calcite/schema/impl/ViewTable.java,3,3,0,0,0
core/src/main/java/org/apache/calcite/schema/impl/TableFunctionImpl.java,2,2,0,0,0
core/src/main/java/org/apache/calcite/schema/ModifiableTable.java,1,1,0,0,0
core/src/main/java/org/apache/calcite/util/BuiltInMethod.java,4,4,0,0,0
core/src/main/java/org/apache/calcite/util/graph/AttributedDirectedGraph.java,2,2,0,0,0
core/src/main/java/org/apache/calcite/util/graph/DepthFirstIterator.java,1,1,0,0,0
core/src/main/java/org/apache/calcite/util/graph/BreadthFirstIterator.java,2,1,1,0,0
core/src/main/java/org/apache/calcite/util/graph/TopologicalOrderIterator.java,2,1,1,0,0
core/src/main/java/org/apache/calcite/util/BitSets.java,3,2,1,0,0
core/src/main/java/org/apache/calcite/util/mapping/IntPair.java,9,9,0,0,0
core/src/main/java/org/apache/calcite/util/mapping/AbstractSourceMapping.java,5,4,1,0,0
core/src/main/java/org/apache/calcite/util/mapping/MappingType.java,4,4,0,0,0
core/src/main/java/org/apache/calcite/util/mapping/Mappings.java,40,36,4,0,0
core/src/main/java/org/apache/calcite/util/javac/JavaCompilerArgs.java,2,2,0,0,0
core/src/main/java/org/apache/calcite/util/javac/JaninoCompiler.java,12,10,1,1,0
core/src/main/java/org/apache/calcite/util/Glossary.java,1,1,0,0,0
core/src/main/java/org/apache/calcite/util/trace/CalciteTrace.java,2,1,1,0,0
core/src/main/java/org/apache/calcite/util/Template.java,3,3,0,0,0
core/src/main/java/org/apache/calcite/util/SaffronProperties.java,2,2,0,0,0
core/src/main/java/org/apache/calcite/util/Litmus.java,1,1,0,0,0
core/src/main/java/org/apache/calcite/util/Pair.java,13,13,0,0,0
core/src/main/java/org/apache/calcite/util/NumberUtil.java,0,0,0,0,0
core/src/main/java/org/apache/calcite/util/ReflectUtil.java,11,11,0,0,0
core/src/main/java/org/apache/calcite/util/DateString.java,1,1,0,0,0
core/src/main/java/org/apache/calcite/util/ImmutableIntList.java,4,4,0,0,0
core/src/main/java/org/apache/calcite/util/TimestampString.java,9,9,0,0,0
core/src/main/java/org/apache/calcite/util/Benchmark.java,1,1,0,0,0
core/src/main/java/org/apache/calcite/util/Closer.java,1,1,0,0,0
core/src/main/java/org/apache/calcite/util/StackWriter.java,3,3,0,0,0
core/src/main/java/org/apache/calcite/util/Unsafe.java,3,1,2,0,0
core/src/main/java/org/apache/calcite/util/Stacks.java,2,2,0,0,0
core/src/main/java/org/apache/calcite/util/TimeWithTimeZoneString.java,2,2,0,0,0
core/src/main/java/org/apache/calcite/util/ControlFlowException.java,1,0,1,0,0
core/src/main/java/org/apache/calcite/util/CastingList.java,1,1,0,0,0
core/src/main/java/org/apache/calcite/util/ChunkList.java,10,8,2,0,0
core/src/main/java/org/apache/calcite/util/NlsString.java,4,4,0,0,0
core/src/main/java/org/apache/calcite/rex/RexCallBinding.java,4,4,0,0,0
core/src/main/java/org/apache/calcite/rex/RexBuilder.java,31,28,3,0,0
core/src/main/java/org/apache/calcite/rex/RexSqlReflectiveConvertletTable.java,1,1,0,0,0
core/src/main/java/org/apache/calcite/rex/RexPermutationShuttle.java,1,1,0,0,0
core/src/main/java/org/apache/calcite/rex/RexAction.java,1,1,0,0,0
core/src/main/java/org/apache/calcite/rex/RexLocalRef.java,2,2,0,0,0
core/src/main/java/org/apache/calcite/rex/RexOver.java,4,4,0,0,0
core/src/main/java/org/apache/calcite/rex/LogicVisitor.java,5,5,0,0,0
core/src/main/java/org/apache/calcite/rex/RexAnalyzer.java,1,1,0,0,0
core/src/main/java/org/apache/calcite/rex/RexProgramBuilder.java,40,40,0,0,0
core/src/main/java/org/apache/calcite/rex/RexSqlStandardConvertletTable.java,1,1,0,0,0
core/src/main/java/org/apache/calcite/rex/RexSubQuery.java,4,4,0,0,0
core/src/main/java/org/apache/calcite/rex/RexSlot.java,2,2,0,0,0
core/src/main/java/org/apache/calcite/rex/RexFieldCollation.java,1,1,0,0,0
core/src/main/java/org/apache/calcite/rex/RexMultisetUtil.java,4,4,0,0,0
core/src/main/java/org/apache/calcite/rex/RexWindow.java,6,5,1,0,0
core/src/main/java/org/apache/calcite/rex/RexTransformer.java,6,5,1,0,0
core/src/main/java/org/apache/calcite/rex/RexCall.java,3,3,0,0,0
core/src/main/java/org/apache/calcite/rex/RexCopier.java,9,9,0,0,0
core/src/main/java/org/apache/calcite/adapter/enumerable/EnumerableHashJoin.java,2,2,0,0,0
core/src/main/java/org/apache/calcite/adapter/enumerable/LazyAggregateLambdaFactory.java,7,7,0,0,0
core/src/main/java/org/apache/calcite/adapter/enumerable/EnumerableProjectRule.java,1,1,0,0,0
core/src/main/java/org/apache/calcite/adapter/enumerable/EnumerableTableModify.java,2,2,0,0,0
core/src/main/java/org/apache/calcite/adapter/enumerable/EnumerableBatchNestedLoopJoin.java,1,1,0,0,0
core/src/main/java/org/apache/calcite/adapter/enumerable/impl/WinAggResultContextImpl.java,3,3,0,0,0
core/src/main/java/org/apache/calcite/adapter/enumerable/impl/WinAggAddContextImpl.java,3,3,0,0,0
core/src/main/java/org/apache/calcite/adapter/enumerable/AggContext.java,4,4,0,0,0
core/src/main/java/org/apache/calcite/adapter/enumerable/EnumerableRelImplementor.java,17,17,0,0,0
core/src/main/java/org/apache/calcite/adapter/enumerable/EnumerableRepeatUnion.java,2,2,0,0,0
core/src/main/java/org/apache/calcite/adapter/enumerable/EnumerableMatch.java,29,29,0,0,0
core/src/main/java/org/apache/calcite/adapter/enumerable/EnumerableProject.java,1,1,0,0,0
core/src/main/java/org/apache/calcite/adapter/enumerable/StrictAggImplementor.java,2,2,0,0,0
core/src/main/java/org/apache/calcite/adapter/enumerable/EnumerableRel.java,2,2,0,0,0
core/src/main/java/org/apache/calcite/adapter/enumerable/EnumerableInterpreter.java,2,2,0,0,0
core/src/main/java/org/apache/calcite/adapter/enumerable/EnumerableLimit.java,1,1,0,0,0
core/src/main/java/org/apache/calcite/adapter/enumerable/EnumerableTableSpool.java,1,1,0,0,0
core/src/main/java/org/apache/calcite/adapter/enumerable/EnumerableInterpretable.java,3,3,0,0,0
core/src/main/java/org/apache/calcite/adapter/enumerable/EnumerableJoinRule.java,0,0,0,0,0
core/src/main/java/org/apache/calcite/adapter/enumerable/PhysType.java,0,0,0,0,0
core/src/main/java/org/apache/calcite/adapter/enumerable/PhysTypeImpl.java,23,23,0,0,0
core/src/main/java/org/apache/calcite/adapter/enumerable/EnumerableCalcRule.java,1,1,0,0,0
core/src/main/java/org/apache/calcite/adapter/jdbc/JdbcTable.java,2,2,0,0,0
core/src/main/java/org/apache/calcite/adapter/jdbc/JdbcCatalogSchema.java,3,3,0,0,0
core/src/main/java/org/apache/calcite/adapter/jdbc/JdbcTableScan.java,2,2,0,0,0
core/src/main/java/org/apache/calcite/adapter/jdbc/JdbcToEnumerableConverter.java,19,19,0,0,0
core/src/main/java/org/apache/calcite/adapter/jdbc/JdbcSchema.java,14,14,0,0,0
core/src/main/java/org/apache/calcite/adapter/jdbc/JdbcRules.java,22,22,0,0,0
core/src/main/java/org/apache/calcite/adapter/clone/ColumnLoader.java,16,15,1,0,0
core/src/main/java/org/apache/calcite/adapter/clone/CloneSchema.java,1,1,0,0,0
core/src/main/java/org/apache/calcite/adapter/Java9Workaround.java,1,1,0,0,0
core/src/main/java/org/apache/calcite/sql2rel/RelFieldTrimmer.java,15,15,0,0,0
core/src/main/java/org/apache/calcite/sql2rel/StandardConvertletTable.java,21,21,0,0,0
core/src/main/java/org/apache/calcite/sql2rel/RelStructuredTypeFlattener.java,12,12,0,0,0
core/src/main/java/org/apache/calcite/sql2rel/InitializerExpressionFactory.java,0,0,0,0,0
core/src/main/java/org/apache/calcite/sql2rel/ReflectiveConvertletTable.java,3,3,0,0,0
core/src/main/java/org/apache/calcite/runtime/CalciteException.java,2,2,0,0,0
core/src/main/java/org/apache/calcite/runtime/PredicateImpl.java,1,1,0,0,0
core/src/main/java/org/apache/calcite/runtime/SortedMultiMap.java,1,1,0,0,0
core/src/main/java/org/apache/calcite/runtime/Utilities.java,9,8,1,0,0
core/src/main/java/org/apache/calcite/runtime/Enumerables.java,7,7,0,0,0
core/src/main/java/org/apache/calcite/runtime/ResultSetEnumerable.java,17,13,4,0,0
core/src/main/java/org/apache/calcite/runtime/FlatLists.java,15,14,0,1,0
core/src/main/java/org/apache/calcite/runtime/Like.java,7,7,0,0,0
core/src/main/java/org/apache/calcite/runtime/Unit.java,1,1,0,0,0
core/src/main/java/org/apache/calcite/runtime/Pattern.java,3,3,0,0,0
core/src/main/java/org/apache/calcite/runtime/Automaton.java,1,1,0,0,0
core/src/main/java/org/apache/calcite/runtime/TrustAllSslSocketFactory.java,15,3,0,6,6
core/src/main/java/org/apache/calcite/runtime/CalciteResource.java,11,11,0,0,0
core/src/main/java/org/apache/calcite/runtime/DeterministicAutomaton.java,1,1,0,0,0
core/src/main/java/org/apache/calcite/interpreter/AggregateNode.java,16,16,0,0,0
core/src/main/java/org/apache/calcite/interpreter/InterpretableConvention.java,2,2,0,0,0
core/src/main/java/org/apache/calcite/jdbc/MetadataSchema.java,2,2,0,0,0
core/src/main/java/org/apache/calcite/jdbc/JavaTypeFactoryImpl.java,7,7,0,0,0
core/src/main/java/org/apache/calcite/jdbc/CalcitePrepare.java,9,9,0,0,0
core/src/main/java/org/apache/calcite/tools/Frameworks.java,6,4,2,0,0
core/src/main/java/org/apache/calcite/tools/Programs.java,5,4,0,1,0
core/src/main/java/org/apache/calcite/tools/PigRelBuilder.java,1,1,0,0,0
core/src/main/java/org/apache/calcite/tools/Planner.java,0,0,0,0,0
core/src/main/java/org/apache/calcite/materialize/LatticeRootNode.java,1,1,0,0,0
core/src/main/java/org/apache/calcite/materialize/MaterializationActor.java,0,0,0,0,0
core/src/main/java/org/apache/calcite/materialize/MutableNode.java,1,1,0,0,0
core/src/main/java/org/apache/calcite/materialize/TileSuggester.java,2,2,0,0,0
core/src/main/java/org/apache/calcite/materialize/ProfilerLatticeStatisticProvider.java,2,2,0,0,0
core/src/main/java/org/apache/calcite/model/JsonRoot.java,2,0,0,2,0
core/src/main/java/org/apache/calcite/model/JsonTable.java,2,0,0,2,0
core/src/main/java/org/apache/calcite/model/JsonTile.java,1,0,0,1,0
core/src/main/java/org/apache/calcite/model/JsonStream.java,2,0,0,2,0
core/src/main/java/org/apache/calcite/model/JsonLattice.java,10,2,0,8,0
core/src/main/java/org/apache/calcite/model/JsonJdbcSchema.java,7,0,0,7,0
core/src/main/java/org/apache/calcite/model/JsonTypeAttribute.java,2,0,0,2,0
core/src/main/java/org/apache/calcite/model/JsonMaterialization.java,4,0,0,4,0
core/src/main/java/org/apache/calcite/profile/ProfilerImpl.java,23,23,0,0,0
core/src/main/java/org/apache/calcite/profile/SimpleProfiler.java,6,5,1,0,0
core/src/main/java/org/apache/calcite/profile/Profiler.java,5,2,3,0,0
core/src/main/java/org/apache/calcite/statistic/CachingSqlStatisticProvider.java,3,3,0,0,0
core/src/main/java/org/apache/calcite/statistic/QuerySqlStatisticProvider.java,2,2,0,0,0
core/src/main/java/org/apache/calcite/prepare/PlannerImpl.java,10,10,0,0,0
core/src/main/java/org/apache/calcite/prepare/CalciteCatalogReader.java,2,2,0,0,0
core/src/main/java/org/apache/calcite/prepare/CalciteMaterializer.java,3,3,0,0,0
core/src/main/java/org/apache/calcite/prepare/Prepare.java,20,20,0,0,0
core/src/main/java/org/apache/calcite/DataContext.java,1,1,0,0,0
elasticsearch/src/main/java/org/apache/calcite/adapter/elasticsearch/PredicateAnalyzer.java,16,13,3,0,0
elasticsearch/src/main/java/org/apache/calcite/adapter/elasticsearch/Scrolling.java,1,1,0,0,0
elasticsearch/src/main/java/org/apache/calcite/adapter/elasticsearch/ElasticsearchTransport.java,4,4,0,0,0
elasticsearch/src/main/java/org/apache/calcite/adapter/elasticsearch/ElasticsearchEnumerators.java,2,2,0,0,0
elasticsearch/src/main/java/org/apache/calcite/adapter/elasticsearch/ElasticsearchVersion.java,2,1,0,0,1
elasticsearch/src/main/java/org/apache/calcite/adapter/elasticsearch/ElasticsearchTableScan.java,2,2,0,0,0
elasticsearch/src/main/java/org/apache/calcite/adapter/elasticsearch/ElasticsearchRules.java,2,2,0,0,0
elasticsearch/src/main/java/org/apache/calcite/adapter/elasticsearch/ElasticsearchConstants.java,1,1,0,0,0
elasticsearch/src/main/java/org/apache/calcite/adapter/elasticsearch/ElasticsearchSchema.java,1,1,0,0,0
elasticsearch/src/main/java/org/apache/calcite/adapter/elasticsearch/ElasticsearchTable.java,8,8,0,0,0
elasticsearch/src/main/java/org/apache/calcite/adapter/elasticsearch/ElasticsearchRel.java,4,4,0,0,0
cassandra/src/main/java/org/apache/calcite/adapter/cassandra/CassandraEnumerator.java,1,1,0,0,0
cassandra/src/main/java/org/apache/calcite/adapter/cassandra/CassandraSchema.java,2,2,0,0,0
cassandra/src/main/java/org/apache/calcite/adapter/cassandra/CassandraTableScan.java,1,1,0,0,0
piglet/src/main/java/org/apache/calcite/piglet/Handler.java,13,13,0,0,0
piglet/src/main/java/org/apache/calcite/piglet/PigRelOpVisitor.java,5,5,0,0,0
piglet/src/main/java/org/apache/calcite/piglet/PigRelBuilder.java,7,6,1,0,0
piglet/src/main/java/org/apache/calcite/piglet/PigConverter.java,2,2,0,0,0
piglet/src/main/java/org/apache/calcite/piglet/PigUserDefinedFunction.java,1,1,0,0,0
geode/src/main/java/org/apache/calcite/adapter/geode/simple/GeodeSimpleEnumerator.java,3,2,0,1,0
geode/src/main/java/org/apache/calcite/adapter/geode/rel/GeodeAggregate.java,3,3,0,0,0
geode/src/main/java/org/apache/calcite/adapter/geode/rel/GeodeTableScan.java,1,1,0,0,0
geode/src/main/java/org/apache/calcite/adapter/geode/rel/GeodeTable.java,5,5,0,0,0
geode/src/main/java/org/apache/calcite/adapter/geode/rel/GeodeRel.java,1,1,0,0,0
geode/src/main/java/org/apache/calcite/adapter/geode/util/GeodeUtils.java,8,3,0,3,2
linq4j/src/main/java/org/apache/calcite/linq4j/tree/Types.java,13,13,0,0,0
linq4j/src/main/java/org/apache/calcite/linq4j/tree/ArrayLengthRecordField.java,3,3,0,0,0
linq4j/src/main/java/org/apache/calcite/linq4j/tree/ExpressionWriter.java,1,1,0,0,0
linq4j/src/main/java/org/apache/calcite/linq4j/tree/TypeBinaryExpression.java,5,5,0,0,0
linq4j/src/main/java/org/apache/calcite/linq4j/tree/GotoStatement.java,3,3,0,0,0
linq4j/src/main/java/org/apache/calcite/linq4j/tree/DeterministicCodeOptimizer.java,2,2,0,0,0
linq4j/src/main/java/org/apache/calcite/linq4j/tree/Expression.java,2,2,0,0,0
linq4j/src/main/java/org/apache/calcite/linq4j/tree/ClassDeclarationFinder.java,2,2,0,0,0
linq4j/src/main/java/org/apache/calcite/linq4j/tree/ElementInit.java,1,1,0,0,0
linq4j/src/main/java/org/apache/calcite/linq4j/tree/CatchBlock.java,1,1,0,0,0
linq4j/src/main/java/org/apache/calcite/linq4j/tree/OptimizeShuttle.java,29,29,0,0,0
linq4j/src/main/java/org/apache/calcite/linq4j/tree/Shuttle.java,24,24,0,0,0
linq4j/src/main/java/org/apache/calcite/linq4j/tree/GotoExpressionKind.java,5,5,0,0,0
linq4j/src/main/java/org/apache/calcite/linq4j/tree/BinaryExpression.java,6,6,0,0,0
linq4j/src/main/java/org/apache/calcite/linq4j/tree/MemberExpression.java,5,5,0,0,0
linq4j/src/main/java/org/apache/calcite/linq4j/tree/BlockStatement.java,1,1,0,0,0
linq4j/src/main/java/org/apache/calcite/linq4j/tree/MethodDeclaration.java,7,7,0,0,0
linq4j/src/main/java/org/apache/calcite/linq4j/tree/MethodCallExpression.java,4,4,0,0,0
linq4j/src/main/java/org/apache/calcite/linq4j/tree/ThrowStatement.java,2,2,0,0,0
linq4j/src/main/java/org/apache/calcite/linq4j/tree/ClassDeclaration.java,3,3,0,0,0
linq4j/src/main/java/org/apache/calcite/linq4j/function/Functions.java,19,14,5,0,0
linq4j/src/main/java/org/apache/calcite/linq4j/tree/ReflectedPseudoField.java,2,2,0,0,0
linq4j/src/main/java/org/apache/calcite/linq4j/tree/NewArrayExpression.java,3,3,0,0,0
linq4j/src/main/java/org/apache/calcite/linq4j/function/Function.java,1,1,0,0,0
linq4j/src/main/java/org/apache/calcite/linq4j/function/Predicate1.java,1,1,0,0,0
linq4j/src/main/java/org/apache/calcite/linq4j/LookupImpl.java,3,3,0,0,0
linq4j/src/main/java/org/apache/calcite/linq4j/ExtendedOrderedEnumerable.java,5,5,0,0,0
linq4j/src/main/java/org/apache/calcite/linq4j/Lookup.java,1,1,0,0,0
linq4j/src/main/java/org/apache/calcite/linq4j/DefaultEnumerable.java,78,78,0,0,0
linq4j/src/main/java/org/apache/calcite/linq4j/Extensions.java,1,1,0,0,0
linq4j/src/main/java/org/apache/calcite/linq4j/CartesianProductEnumerator.java,1,1,0,0,0
linq4j/src/main/java/org/apache/calcite/linq4j/ExtendedOrderedQueryable.java,4,4,0,0,0
linq4j/src/main/java/org/apache/calcite/linq4j/QueryableFactory.java,51,51,0,0,0
linq4j/src/main/java/org/apache/calcite/linq4j/Linq4j.java,15,14,1,0,0
ubenchmark/src/main/java/org/apache/calcite/benchmarks/AbstractRelNodeGetRelTypeNameBenchmark.java,3,2,0,0,1
ubenchmark/src/main/java/org/apache/calcite/adapter/enumerable/CodeGenerationBenchmark.java,4,4,0,0,0
plus/src/main/java/org/apache/calcite/chinook/PreferredAlbumsTableFactory.java,1,1,0,0,0
plus/src/main/java/org/apache/calcite/chinook/ChinookAvaticaServer.java,4,4,0,0,0
plus/src/main/java/org/apache/calcite/chinook/CalciteConnectionProvider.java,1,1,0,0,0
plus/src/main/java/org/apache/calcite/chinook/EnvironmentFairy.java,1,0,1,0,0
plus/src/main/java/org/apache/calcite/adapter/tpch/TpchSchema.java,1,1,0,0,0
plus/src/main/java/org/apache/calcite/adapter/os/PsTableFunction.java,8,6,0,0,2
plus/src/main/java/org/apache/calcite/adapter/os/FilesTableFunction.java,7,7,0,0,0
plus/src/main/java/org/apache/calcite/adapter/os/StdinTableFunction.java,3,3,0,0,0
plus/src/main/java/org/apache/calcite/adapter/os/JpsTableFunction.java,2,2,0,0,0
plus/src/main/java/org/apache/calcite/adapter/os/GitCommitsTableFunction.java,3,3,0,0,0
plus/src/main/java/org/apache/calcite/adapter/os/DuTableFunction.java,2,2,0,0,0
plus/src/main/java/org/apache/calcite/adapter/os/Processes.java,6,6,0,0,0
plus/src/main/java/org/apache/calcite/adapter/tpcds/TpcdsSchema.java,7,3,4,0,0
plus/src/main/java/org/apache/calcite/adapter/tpcds/TpcdsSchemaFactory.java,1,1,0,0,0
druid/src/main/java/org/apache/calcite/adapter/druid/DruidSqlCastConverter.java,1,1,0,0,0
druid/src/main/java/org/apache/calcite/adapter/druid/DruidTable.java,3,3,0,0,0
druid/src/main/java/org/apache/calcite/adapter/druid/UnarySuffixOperatorConversion.java,1,1,0,0,0
druid/src/main/java/org/apache/calcite/adapter/druid/TimeExtractionFunction.java,1,1,0,0,0
druid/src/main/java/org/apache/calcite/adapter/druid/DruidTableFactory.java,2,2,0,0,0
druid/src/main/java/org/apache/calcite/adapter/druid/DruidSchemaFactory.java,1,1,0,0,0
server/src/main/java/org/apache/calcite/sql/ddl/SqlCreateForeignSchema.java,4,4,0,0,0
server/src/main/java/org/apache/calcite/sql/ddl/SqlCreateSchema.java,2,2,0,0,0
server/src/main/java/org/apache/calcite/sql/ddl/SqlDdlNodes.java,1,1,0,0,0
server/src/main/java/org/apache/calcite/sql/ddl/SqlDropFunction.java,1,1,0,0,0
server/src/main/java/org/apache/calcite/sql/ddl/SqlCreateView.java,1,1,0,0,0
server/src/main/java/org/apache/calcite/sql/ddl/SqlColumnDeclaration.java,1,1,0,0,0
server/src/main/java/org/apache/calcite/sql/ddl/SqlAttributeDefinition.java,1,1,0,0,0
server/src/main/java/org/apache/calcite/sql/ddl/SqlDropView.java,1,1,0,0,0
server/src/main/java/org/apache/calcite/sql/ddl/SqlDropMaterializedView.java,1,1,0,0,0
mongodb/src/main/java/org/apache/calcite/adapter/mongodb/MongoSort.java,4,4,0,0,0
mongodb/src/main/java/org/apache/calcite/adapter/mongodb/MongoSchemaFactory.java,2,2,0,0,0
mongodb/src/main/java/org/apache/calcite/adapter/mongodb/MongoFilter.java,7,7,0,0,0
kafka/src/main/java/org/apache/calcite/adapter/kafka/KafkaTableConstants.java,1,1,0,0,0
splunk/src/main/java/org/apache/calcite/adapter/splunk/search/SplunkConnectionImpl.java,22,18,1,1,2
splunk/src/main/java/org/apache/calcite/adapter/splunk/util/StringUtils.java,9,9,0,0,0
splunk/src/main/java/org/apache/calcite/adapter/splunk/SplunkPushDownRule.java,10,9,1,0,0
splunk/src/main/java/org/apache/calcite/adapter/splunk/SplunkQuery.java,2,2,0,0,0
pig/src/main/java/org/apache/calcite/adapter/pig/PigFilter.java,1,1,0,0,0
pig/src/main/java/org/apache/calcite/adapter/pig/PigRel.java,4,4,0,0,0
pig/src/main/java/org/apache/calcite/adapter/pig/PigJoin.java,6,6,0,0,0
pig/src/main/java/org/apache/calcite/adapter/pig/PigTableFactory.java,1,1,0,0,0
spark/src/main/java/org/apache/calcite/adapter/spark/HttpServer.java,13,9,3,0,1
spark/src/main/java/org/apache/calcite/adapter/spark/SparkHandlerImpl.java,3,3,0,0,0
spark/src/main/java/org/apache/calcite/adapter/spark/SparkRuntime.java,3,3,0,0,0
file/src/main/java/org/apache/calcite/adapter/file/FileRowConverter.java,9,9,0,0,0
file/src/main/java/org/apache/calcite/adapter/file/FileSchemaFactory.java,1,1,0,0,0
file/src/main/java/org/apache/calcite/adapter/file/FileTableScan.java,2,2,0,0,0
